subplot_name,subplot_id,block_number,plot_number,subplot_number,pair_plot,plot_subplot,first_harvest,second_harvest,third_harvest,fourth_harvest,harvest_1,harvest_2,harvest_3,harvest_4,ManagementFactor:SpringOatPeaIntercrop_2024_NY_biomass_T1,ManagementFactor:SpringOatPeaIntercrop_2024_NY_biomass_T2,ManagementFactor:SpringOatPeaIntercrop_2024_NY_biomass_T3,ManagementFactor:SpringOatPeaIntercrop_2024_NY_biomass_T4
SpringOatPeaIntercrop_2024_NY_1_subplot_1,714086,1,1,1,1_1,1_1,,,subplot_1,,,,1_1,,,,1,
SpringOatPeaIntercrop_2024_NY_1_subplot_2,714087,1,1,2,1_1,1_2,,,,,,,,,,,,
SpringOatPeaIntercrop_2024_NY_1_subplot_3,714088,1,1,3,1_1,1_3,subplot_3,,,,1_3,,,,1,,,
SpringOatPeaIntercrop_2024_NY_2_subplot_1,714002,1,2,1,1_2,2_1,,,subplot_1,,,,2_1,,,,1,
SpringOatPeaIntercrop_2024_NY_2_subplot_2,714004,1,2,2,1_2,2_2,,,,,,,,,,,,
SpringOatPeaIntercrop_2024_NY_2_subplot_3,714006,1,2,3,1_2,2_3,subplot_3,,,,2_3,,,,1,,,
SpringOatPeaIntercrop_2024_NY_3_subplot_1,714187,1,3,1,2_3,3_1,,,,subplot_1,,,,3_1,,,,1
SpringOatPeaIntercrop_2024_NY_3_subplot_2,714189,1,3,2,2_3,3_2,,,,,,,,,,,,
SpringOatPeaIntercrop_2024_NY_3_subplot_3,714191,1,3,3,2_3,3_3,,subplot_3,,,,3_3,,,,1,,
SpringOatPeaIntercrop_2024_NY_4_subplot_1,713812,1,4,1,2_4,4_1,,,,subplot_1,,,,4_1,,,,1
SpringOatPeaIntercrop_2024_NY_4_subplot_2,713814,1,4,2,2_4,4_2,,,,,,,,,,,,
SpringOatPeaIntercrop_2024_NY_4_subplot_3,713815,1,4,3,2_4,4_3,,subplot_3,,,,4_3,,,,1,,
SpringOatPeaIntercrop_2024_NY_5_subplot_1,714157,1,5,1,3_5,5_1,,subplot_1,,,,5_1,,,,1,,
SpringOatPeaIntercrop_2024_NY_5_subplot_2,714159,1,5,2,3_5,5_2,,,,,,,,,,,,
SpringOatPeaIntercrop_2024_NY_5_subplot_3,714161,1,5,3,3_5,5_3,,,subplot_3,,,,5_3,,,,1,
SpringOatPeaIntercrop_2024_NY_6_subplot_1,714270,1,6,1,3_6,6_1,,subplot_1,,,,6_1,,,,1,,
SpringOatPeaIntercrop_2024_NY_6_subplot_2,714272,1,6,2,3_6,6_2,,,,,,,,,,,,
SpringOatPeaIntercrop_2024_NY_6_subplot_3,714274,1,6,3,3_6,6_3,,,subplot_3,,,,6_3,,,,1,
SpringOatPeaIntercrop_2024_NY_7_subplot_1,714578,1,7,1,4_7,7_1,subplot_1,,,,7_1,,,,1,,,
SpringOatPeaIntercrop_2024_NY_7_subplot_2,714580,1,7,2,4_7,7_2,,,,,,,,,,,,
SpringOatPeaIntercrop_2024_NY_7_subplot_3,714582,1,7,3,4_7,7_3,,,,subplot_3,,,,7_3,,,,1
SpringOatPeaIntercrop_2024_NY_8_subplot_1,714414,1,8,1,4_8,8_1,subplot_1,,,,8_1,,,,1,,,
SpringOatPeaIntercrop_2024_NY_8_subplot_2,714416,1,8,2,4_8,8_2,,,,,,,,,,,,
SpringOatPeaIntercrop_2024_NY_8_subplot_3,714418,1,8,3,4_8,8_3,,,,subplot_3,,,,8_3,,,,1
SpringOatPeaIntercrop_2024_NY_9_subplot_1,714329,1,9,1,5_9,9_1,,subplot_1,,,,9_1,,,,1,,
SpringOatPeaIntercrop_2024_NY_9_subplot_2,714331,1,9,2,5_9,9_2,,,,,,,,,,,,
SpringOatPeaIntercrop_2024_NY_9_subplot_3,714333,1,9,3,5_9,9_3,,,,subplot_3,,,,9_3,,,,1
SpringOatPeaIntercrop_2024_NY_10_subplot_1,714047,1,10,1,5_10,10_1,,subplot_1,,,,10_1,,,,1,,
SpringOatPeaIntercrop_2024_NY_10_subplot_2,714048,1,10,2,5_10,10_2,,,,,,,,,,,,
SpringOatPeaIntercrop_2024_NY_10_subplot_3,714049,1,10,3,5_10,10_3,,,,subplot_3,,,,10_3,,,,1
SpringOatPeaIntercrop_2024_NY_11_subplot_1,714068,1,11,1,6_11,11_1,subplot_1,,,,11_1,,,,1,,,
SpringOatPeaIntercrop_2024_NY_11_subplot_2,714069,1,11,2,6_11,11_2,,,,,,,,,,,,
SpringOatPeaIntercrop_2024_NY_11_subplot_3,714070,1,11,3,6_11,11_3,,,subplot_3,,,,11_3,,,,1,
SpringOatPeaIntercrop_2024_NY_12_subplot_1,713672,1,12,1,6_12,12_1,subplot_1,,,,12_1,,,,1,,,
SpringOatPeaIntercrop_2024_NY_12_subplot_2,713674,1,12,2,6_12,12_2,,,,,,,,,,,,
SpringOatPeaIntercrop_2024_NY_12_subplot_3,713676,1,12,3,6_12,12_3,,,subplot_3,,,,12_3,,,,1,
SpringOatPeaIntercrop_2024_NY_13_subplot_1,714531,1,13,1,7_13,13_1,,,subplot_1,,,,13_1,,,,1,
SpringOatPeaIntercrop_2024_NY_13_subplot_2,714533,1,13,2,7_13,13_2,,,,,,,,,,,,
SpringOatPeaIntercrop_2024_NY_13_subplot_3,714535,1,13,3,7_13,13_3,subplot_3,,,,13_3,,,,1,,,
SpringOatPeaIntercrop_2024_NY_14_subplot_1,714107,1,14,1,7_14,14_1,,,subplot_1,,,,14_1,,,,1,
SpringOatPeaIntercrop_2024_NY_14_subplot_2,714108,1,14,2,7_14,14_2,,,,,,,,,,,,
SpringOatPeaIntercrop_2024_NY_14_subplot_3,714109,1,14,3,7_14,14_3,subplot_3,,,,14_3,,,,1,,,
SpringOatPeaIntercrop_2024_NY_15_subplot_1,713737,1,15,1,8_15,15_1,,,subplot_1,,,,15_1,,,,1,
SpringOatPeaIntercrop_2024_NY_15_subplot_2,713739,1,15,2,8_15,15_2,,,,,,,,,,,,
SpringOatPeaIntercrop_2024_NY_15_subplot_3,713741,1,15,3,8_15,15_3,subplot_3,,,,15_3,,,,1,,,
SpringOatPeaIntercrop_2024_NY_16_subplot_1,714125,1,16,1,8_16,16_1,,,subplot_1,,,,16_1,,,,1,
SpringOatPeaIntercrop_2024_NY_16_subplot_2,714126,1,16,2,8_16,16_2,,,,,,,,,,,,
SpringOatPeaIntercrop_2024_NY_16_subplot_3,714127,1,16,3,8_16,16_3,subplot_3,,,,16_3,,,,1,,,
SpringOatPeaIntercrop_2024_NY_17_subplot_1,714341,1,17,1,9_17,17_1,,,,subplot_1,,,,17_1,,,,1
SpringOatPeaIntercrop_2024_NY_17_subplot_2,714343,1,17,2,9_17,17_2,,,,,,,,,,,,
SpringOatPeaIntercrop_2024_NY_17_subplot_3,714345,1,17,3,9_17,17_3,,subplot_3,,,,17_3,,,,1,,
SpringOatPeaIntercrop_2024_NY_18_subplot_1,713692,1,18,1,9_18,18_1,,,,subplot_1,,,,18_1,,,,1
SpringOatPeaIntercrop_2024_NY_18_subplot_2,713694,1,18,2,9_18,18_2,,,,,,,,,,,,
SpringOatPeaIntercrop_2024_NY_18_subplot_3,713696,1,18,3,9_18,18_3,,subplot_3,,,,18_3,,,,1,,
SpringOatPeaIntercrop_2024_NY_19_subplot_1,714175,1,19,1,10_19,19_1,subplot_1,,,,19_1,,,,1,,,
SpringOatPeaIntercrop_2024_NY_19_subplot_2,714177,1,19,2,10_19,19_2,,,,,,,,,,,,
SpringOatPeaIntercrop_2024_NY_19_subplot_3,714179,1,19,3,10_19,19_3,,,subplot_3,,,,19_3,,,,1,
SpringOatPeaIntercrop_2024_NY_20_subplot_1,713931,1,20,1,10_20,20_1,subplot_1,,,,20_1,,,,1,,,
SpringOatPeaIntercrop_2024_NY_20_subplot_2,713933,1,20,2,10_20,20_2,,,,,,,,,,,,
SpringOatPeaIntercrop_2024_NY_20_subplot_3,713935,1,20,3,10_20,20_3,,,subplot_3,,,,20_3,,,,1,
SpringOatPeaIntercrop_2024_NY_21_subplot_1,713955,1,21,1,11_21,21_1,,,,subplot_1,,,,21_1,,,,1
SpringOatPeaIntercrop_2024_NY_21_subplot_2,713957,1,21,2,11_21,21_2,,,,,,,,,,,,
SpringOatPeaIntercrop_2024_NY_21_subplot_3,713959,1,21,3,11_21,21_3,,subplot_3,,,,21_3,,,,1,,
SpringOatPeaIntercrop_2024_NY_22_subplot_1,714317,1,22,1,11_22,22_1,,,,subplot_1,,,,22_1,,,,1
SpringOatPeaIntercrop_2024_NY_22_subplot_2,714319,1,22,2,11_22,22_2,,,,,,,,,,,,
SpringOatPeaIntercrop_2024_NY_22_subplot_3,714321,1,22,3,11_22,22_3,,subplot_3,,,,22_3,,,,1,,
SpringOatPeaIntercrop_2024_NY_23_subplot_1,713577,1,23,1,12_23,23_1,,subplot_1,,,,23_1,,,,1,,
SpringOatPeaIntercrop_2024_NY_23_subplot_2,713579,1,23,2,12_23,23_2,,,,,,,,,,,,
SpringOatPeaIntercrop_2024_NY_23_subplot_3,713581,1,23,3,12_23,23_3,,,subplot_3,,,,23_3,,,,1,
SpringOatPeaIntercrop_2024_NY_24_subplot_1,714029,1,24,1,12_24,24_1,,subplot_1,,,,24_1,,,,1,,
SpringOatPeaIntercrop_2024_NY_24_subplot_2,714030,1,24,2,12_24,24_2,,,,,,,,,,,,
SpringOatPeaIntercrop_2024_NY_24_subplot_3,714031,1,24,3,12_24,24_3,,,subplot_3,,,,24_3,,,,1,
SpringOatPeaIntercrop_2024_NY_25_subplot_1,714116,1,25,1,13_25,25_1,,subplot_1,,,,25_1,,,,1,,
SpringOatPeaIntercrop_2024_NY_25_subplot_2,714117,1,25,2,13_25,25_2,,,,,,,,,,,,
SpringOatPeaIntercrop_2024_NY_25_subplot_3,714118,1,25,3,13_25,25_3,,,subplot_3,,,,25_3,,,,1,
SpringOatPeaIntercrop_2024_NY_26_subplot_1,713769,1,26,1,13_26,26_1,,subplot_1,,,,26_1,,,,1,,
SpringOatPeaIntercrop_2024_NY_26_subplot_2,713771,1,26,2,13_26,26_2,,,,,,,,,,,,
SpringOatPeaIntercrop_2024_NY_26_subplot_3,713773,1,26,3,13_26,26_3,,,subplot_3,,,,26_3,,,,1,
SpringOatPeaIntercrop_2024_NY_27_subplot_1,713679,1,27,1,14_27,27_1,subplot_1,,,,27_1,,,,1,,,
SpringOatPeaIntercrop_2024_NY_27_subplot_2,713681,1,27,2,14_27,27_2,,,,,,,,,,,,
SpringOatPeaIntercrop_2024_NY_27_subplot_3,713683,1,27,3,14_27,27_3,,,subplot_3,,,,27_3,,,,1,
SpringOatPeaIntercrop_2024_NY_28_subplot_1,714372,1,28,1,14_28,28_1,subplot_1,,,,28_1,,,,1,,,
SpringOatPeaIntercrop_2024_NY_28_subplot_2,714374,1,28,2,14_28,28_2,,,,,,,,,,,,
SpringOatPeaIntercrop_2024_NY_28_subplot_3,714376,1,28,3,14_28,28_3,,,subplot_3,,,,28_3,,,,1,
SpringOatPeaIntercrop_2024_NY_29_subplot_1,713799,1,29,1,15_29,29_1,,,subplot_1,,,,29_1,,,,1,
SpringOatPeaIntercrop_2024_NY_29_subplot_2,713801,1,29,2,15_29,29_2,,,,,,,,,,,,
SpringOatPeaIntercrop_2024_NY_29_subplot_3,713803,1,29,3,15_29,29_3,,subplot_3,,,,29_3,,,,1,,
SpringOatPeaIntercrop_2024_NY_30_subplot_1,714205,1,30,1,15_30,30_1,,,subplot_1,,,,30_1,,,,1,
SpringOatPeaIntercrop_2024_NY_30_subplot_2,714207,1,30,2,15_30,30_2,,,,,,,,,,,,
SpringOatPeaIntercrop_2024_NY_30_subplot_3,714209,1,30,3,15_30,30_3,,subplot_3,,,,30_3,,,,1,,
SpringOatPeaIntercrop_2024_NY_31_subplot_1,714181,1,31,1,16_31,31_1,,,subplot_1,,,,31_1,,,,1,
SpringOatPeaIntercrop_2024_NY_31_subplot_2,714183,1,31,2,16_31,31_2,,,,,,,,,,,,
SpringOatPeaIntercrop_2024_NY_31_subplot_3,714185,1,31,3,16_31,31_3,subplot_3,,,,31_3,,,,1,,,
SpringOatPeaIntercrop_2024_NY_32_subplot_1,713564,1,32,1,16_32,32_1,,,subplot_1,,,,32_1,,,,1,
SpringOatPeaIntercrop_2024_NY_32_subplot_2,713566,1,32,2,16_32,32_2,,,,,,,,,,,,
SpringOatPeaIntercrop_2024_NY_32_subplot_3,713568,1,32,3,16_32,32_3,subplot_3,,,,32_3,,,,1,,,
SpringOatPeaIntercrop_2024_NY_33_subplot_1,714247,1,33,1,17_33,33_1,,,,subplot_1,,,,33_1,,,,1
SpringOatPeaIntercrop_2024_NY_33_subplot_2,714249,1,33,2,17_33,33_2,,,,,,,,,,,,
SpringOatPeaIntercrop_2024_NY_33_subplot_3,714251,1,33,3,17_33,33_3,subplot_3,,,,33_3,,,,1,,,
SpringOatPeaIntercrop_2024_NY_34_subplot_1,714151,1,34,1,17_34,34_1,,,,subplot_1,,,,34_1,,,,1
SpringOatPeaIntercrop_2024_NY_34_subplot_2,714153,1,34,2,17_34,34_2,,,,,,,,,,,,
SpringOatPeaIntercrop_2024_NY_34_subplot_3,714155,1,34,3,17_34,34_3,subplot_3,,,,34_3,,,,1,,,
SpringOatPeaIntercrop_2024_NY_35_subplot_1,714019,1,35,1,18_35,35_1,,,subplot_1,,,,35_1,,,,1,
SpringOatPeaIntercrop_2024_NY_35_subplot_2,714021,1,35,2,18_35,35_2,,,,,,,,,,,,
SpringOatPeaIntercrop_2024_NY_35_subplot_3,714022,1,35,3,18_35,35_3,,subplot_3,,,,35_3,,,,1,,
SpringOatPeaIntercrop_2024_NY_36_subplot_1,714098,1,36,1,18_36,36_1,,,subplot_1,,,,36_1,,,,1,
SpringOatPeaIntercrop_2024_NY_36_subplot_2,714099,1,36,2,18_36,36_2,,,,,,,,,,,,
SpringOatPeaIntercrop_2024_NY_36_subplot_3,714100,1,36,3,18_36,36_3,,subplot_3,,,,36_3,,,,1,,
SpringOatPeaIntercrop_2024_NY_37_subplot_1,714478,1,37,1,19_37,37_1,,subplot_1,,,,37_1,,,,1,,
SpringOatPeaIntercrop_2024_NY_37_subplot_2,714480,1,37,2,19_37,37_2,,,,,,,,,,,,
SpringOatPeaIntercrop_2024_NY_37_subplot_3,714482,1,37,3,19_37,37_3,,,subplot_3,,,,37_3,,,,1,
SpringOatPeaIntercrop_2024_NY_38_subplot_1,713538,1,38,1,19_38,38_1,,subplot_1,,,,38_1,,,,1,,
SpringOatPeaIntercrop_2024_NY_38_subplot_2,713540,1,38,2,19_38,38_2,,,,,,,,,,,,
SpringOatPeaIntercrop_2024_NY_38_subplot_3,713542,1,38,3,19_38,38_3,,,subplot_3,,,,38_3,,,,1,
SpringOatPeaIntercrop_2024_NY_39_subplot_1,714113,1,39,1,20_39,39_1,subplot_1,,,,39_1,,,,1,,,
SpringOatPeaIntercrop_2024_NY_39_subplot_2,714114,1,39,2,20_39,39_2,,,,,,,,,,,,
SpringOatPeaIntercrop_2024_NY_39_subplot_3,714115,1,39,3,20_39,39_3,,,,subplot_3,,,,39_3,,,,1
SpringOatPeaIntercrop_2024_NY_40_subplot_1,713842,1,40,1,20_40,40_1,subplot_1,,,,40_1,,,,1,,,
SpringOatPeaIntercrop_2024_NY_40_subplot_2,713844,1,40,2,20_40,40_2,,,,,,,,,,,,
SpringOatPeaIntercrop_2024_NY_40_subplot_3,713845,1,40,3,20_40,40_3,,,,subplot_3,,,,40_3,,,,1
SpringOatPeaIntercrop_2024_NY_41_subplot_1,713829,1,41,1,21_41,41_1,,,subplot_1,,,,41_1,,,,1,
SpringOatPeaIntercrop_2024_NY_41_subplot_2,713831,1,41,2,21_41,41_2,,,,,,,,,,,,
SpringOatPeaIntercrop_2024_NY_41_subplot_3,713833,1,41,3,21_41,41_3,,subplot_3,,,,41_3,,,,1,,
SpringOatPeaIntercrop_2024_NY_42_subplot_1,714502,1,42,1,21_42,42_1,,,subplot_1,,,,42_1,,,,1,
SpringOatPeaIntercrop_2024_NY_42_subplot_2,714504,1,42,2,21_42,42_2,,,,,,,,,,,,
SpringOatPeaIntercrop_2024_NY_42_subplot_3,714506,1,42,3,21_42,42_3,,subplot_3,,,,42_3,,,,1,,
SpringOatPeaIntercrop_2024_NY_43_subplot_1,713614,1,43,1,22_43,43_1,,,,subplot_1,,,,43_1,,,,1
SpringOatPeaIntercrop_2024_NY_43_subplot_2,713616,1,43,2,22_43,43_2,,,,,,,,,,,,
SpringOatPeaIntercrop_2024_NY_43_subplot_3,713618,1,43,3,22_43,43_3,,subplot_3,,,,43_3,,,,1,,
SpringOatPeaIntercrop_2024_NY_44_subplot_1,713750,1,44,1,22_44,44_1,,,,subplot_1,,,,44_1,,,,1
SpringOatPeaIntercrop_2024_NY_44_subplot_2,713752,1,44,2,22_44,44_2,,,,,,,,,,,,
SpringOatPeaIntercrop_2024_NY_44_subplot_3,713754,1,44,3,22_44,44_3,,subplot_3,,,,44_3,,,,1,,
SpringOatPeaIntercrop_2024_NY_45_subplot_1,714101,1,45,1,23_45,45_1,,,subplot_1,,,,45_1,,,,1,
SpringOatPeaIntercrop_2024_NY_45_subplot_2,714102,1,45,2,23_45,45_2,,,,,,,,,,,,
SpringOatPeaIntercrop_2024_NY_45_subplot_3,714103,1,45,3,23_45,45_3,,subplot_3,,,,45_3,,,,1,,
SpringOatPeaIntercrop_2024_NY_46_subplot_1,714035,1,46,1,23_46,46_1,,,subplot_1,,,,46_1,,,,1,
SpringOatPeaIntercrop_2024_NY_46_subplot_2,714036,1,46,2,23_46,46_2,,,,,,,,,,,,
SpringOatPeaIntercrop_2024_NY_46_subplot_3,714037,1,46,3,23_46,46_3,,subplot_3,,,,46_3,,,,1,,
SpringOatPeaIntercrop_2024_NY_47_subplot_1,713544,1,47,1,24_47,47_1,,,,subplot_1,,,,47_1,,,,1
SpringOatPeaIntercrop_2024_NY_47_subplot_2,713546,1,47,2,24_47,47_2,,,,,,,,,,,,
SpringOatPeaIntercrop_2024_NY_47_subplot_3,713548,1,47,3,24_47,47_3,subplot_3,,,,47_3,,,,1,,,
SpringOatPeaIntercrop_2024_NY_48_subplot_1,714496,1,48,1,24_48,48_1,,,,subplot_1,,,,48_1,,,,1
SpringOatPeaIntercrop_2024_NY_48_subplot_2,714498,1,48,2,24_48,48_2,,,,,,,,,,,,
SpringOatPeaIntercrop_2024_NY_48_subplot_3,714500,1,48,3,24_48,48_3,subplot_3,,,,48_3,,,,1,,,
SpringOatPeaIntercrop_2024_NY_49_subplot_1,714026,1,49,1,25_49,49_1,,,,subplot_1,,,,49_1,,,,1
SpringOatPeaIntercrop_2024_NY_49_subplot_2,714027,1,49,2,25_49,49_2,,,,,,,,,,,,
SpringOatPeaIntercrop_2024_NY_49_subplot_3,714028,1,49,3,25_49,49_3,subplot_3,,,,49_3,,,,1,,,
SpringOatPeaIntercrop_2024_NY_50_subplot_1,714241,1,50,1,25_50,50_1,,,,subplot_1,,,,50_1,,,,1
SpringOatPeaIntercrop_2024_NY_50_subplot_2,714243,1,50,2,25_50,50_2,,,,,,,,,,,,
SpringOatPeaIntercrop_2024_NY_50_subplot_3,714245,1,50,3,25_50,50_3,subplot_3,,,,50_3,,,,1,,,
SpringOatPeaIntercrop_2024_NY_51_subplot_1,714119,2,51,1,26_51,51_1,,,,subplot_1,,,,51_1,,,,1
SpringOatPeaIntercrop_2024_NY_51_subplot_2,714120,2,51,2,26_51,51_2,,,,,,,,,,,,
SpringOatPeaIntercrop_2024_NY_51_subplot_3,714121,2,51,3,26_51,51_3,,subplot_3,,,,51_3,,,,1,,
SpringOatPeaIntercrop_2024_NY_52_subplot_1,713590,2,52,1,26_52,52_1,,,,subplot_1,,,,52_1,,,,1
SpringOatPeaIntercrop_2024_NY_52_subplot_2,713592,2,52,2,26_52,52_2,,,,,,,,,,,,
SpringOatPeaIntercrop_2024_NY_52_subplot_3,713594,2,52,3,26_52,52_3,,subplot_3,,,,52_3,,,,1,,
SpringOatPeaIntercrop_2024_NY_53_subplot_1,714288,2,53,1,27_53,53_1,,subplot_1,,,,53_1,,,,1,,
SpringOatPeaIntercrop_2024_NY_53_subplot_2,714290,2,53,2,27_53,53_2,,,,,,,,,,,,
SpringOatPeaIntercrop_2024_NY_53_subplot_3,714292,2,53,3,27_53,53_3,,,subplot_3,,,,53_3,,,,1,
SpringOatPeaIntercrop_2024_NY_54_subplot_1,714199,2,54,1,27_54,54_1,,subplot_1,,,,54_1,,,,1,,
SpringOatPeaIntercrop_2024_NY_54_subplot_2,714201,2,54,2,27_54,54_2,,,,,,,,,,,,
SpringOatPeaIntercrop_2024_NY_54_subplot_3,714203,2,54,3,27_54,54_3,,,subplot_3,,,,54_3,,,,1,
SpringOatPeaIntercrop_2024_NY_55_subplot_1,713978,2,55,1,28_55,55_1,,,,subplot_1,,,,55_1,,,,1
SpringOatPeaIntercrop_2024_NY_55_subplot_2,713980,2,55,2,28_55,55_2,,,,,,,,,,,,
SpringOatPeaIntercrop_2024_NY_55_subplot_3,713982,2,55,3,28_55,55_3,subplot_3,,,,55_3,,,,1,,,
SpringOatPeaIntercrop_2024_NY_56_subplot_1,714065,2,56,1,28_56,56_1,,,,subplot_1,,,,56_1,,,,1
SpringOatPeaIntercrop_2024_NY_56_subplot_2,714066,2,56,2,28_56,56_2,,,,,,,,,,,,
SpringOatPeaIntercrop_2024_NY_56_subplot_3,714067,2,56,3,28_56,56_3,subplot_3,,,,56_3,,,,1,,,
SpringOatPeaIntercrop_2024_NY_57_subplot_1,714443,2,57,1,29_57,57_1,,,subplot_1,,,,57_1,,,,1,
SpringOatPeaIntercrop_2024_NY_57_subplot_2,714445,2,57,2,29_57,57_2,,,,,,,,,,,,
SpringOatPeaIntercrop_2024_NY_57_subplot_3,714447,2,57,3,29_57,57_3,subplot_3,,,,57_3,,,,1,,,
SpringOatPeaIntercrop_2024_NY_58_subplot_1,713503,2,58,1,29_58,58_1,,,subplot_1,,,,58_1,,,,1,
SpringOatPeaIntercrop_2024_NY_58_subplot_2,713505,2,58,2,29_58,58_2,,,,,,,,,,,,
SpringOatPeaIntercrop_2024_NY_58_subplot_3,713507,2,58,3,29_58,58_3,subplot_3,,,,58_3,,,,1,,,
SpringOatPeaIntercrop_2024_NY_59_subplot_1,714083,2,59,1,30_59,59_1,subplot_1,,,,59_1,,,,1,,,
SpringOatPeaIntercrop_2024_NY_59_subplot_2,714084,2,59,2,30_59,59_2,,,,,,,,,,,,
SpringOatPeaIntercrop_2024_NY_59_subplot_3,714085,2,59,3,30_59,59_3,,,,subplot_3,,,,59_3,,,,1
SpringOatPeaIntercrop_2024_NY_60_subplot_1,714347,2,60,1,30_60,60_1,subplot_1,,,,60_1,,,,1,,,
SpringOatPeaIntercrop_2024_NY_60_subplot_2,714349,2,60,2,30_60,60_2,,,,,,,,,,,,
SpringOatPeaIntercrop_2024_NY_60_subplot_3,714351,2,60,3,30_60,60_3,,,,subplot_3,,,,60_3,,,,1
SpringOatPeaIntercrop_2024_NY_61_subplot_1,714323,2,61,1,31_61,61_1,,subplot_1,,,,61_1,,,,1,,
SpringOatPeaIntercrop_2024_NY_61_subplot_2,714325,2,61,2,31_61,61_2,,,,,,,,,,,,
SpringOatPeaIntercrop_2024_NY_61_subplot_3,714327,2,61,3,31_61,61_3,,,subplot_3,,,,61_3,,,,1,
SpringOatPeaIntercrop_2024_NY_62_subplot_1,713961,2,62,1,31_62,62_1,,subplot_1,,,,62_1,,,,1,,
SpringOatPeaIntercrop_2024_NY_62_subplot_2,713963,2,62,2,31_62,62_2,,,,,,,,,,,,
SpringOatPeaIntercrop_2024_NY_62_subplot_3,713965,2,62,3,31_62,62_3,,,subplot_3,,,,62_3,,,,1,
SpringOatPeaIntercrop_2024_NY_63_subplot_1,714145,2,63,1,32_63,63_1,,subplot_1,,,,63_1,,,,1,,
SpringOatPeaIntercrop_2024_NY_63_subplot_2,714147,2,63,2,32_63,63_2,,,,,,,,,,,,
SpringOatPeaIntercrop_2024_NY_63_subplot_3,714149,2,63,3,32_63,63_3,,,,subplot_3,,,,63_3,,,,1
SpringOatPeaIntercrop_2024_NY_64_subplot_1,714252,2,64,1,32_64,64_1,,subplot_1,,,,64_1,,,,1,,
SpringOatPeaIntercrop_2024_NY_64_subplot_2,714254,2,64,2,32_64,64_2,,,,,,,,,,,,
SpringOatPeaIntercrop_2024_NY_64_subplot_3,714256,2,64,3,32_64,64_3,,,,subplot_3,,,,64_3,,,,1
SpringOatPeaIntercrop_2024_NY_65_subplot_1,713602,2,65,1,33_65,65_1,,,subplot_1,,,,65_1,,,,1,
SpringOatPeaIntercrop_2024_NY_65_subplot_2,713604,2,65,2,33_65,65_2,,,,,,,,,,,,
SpringOatPeaIntercrop_2024_NY_65_subplot_3,713606,2,65,3,33_65,65_3,,subplot_3,,,,65_3,,,,1,,
SpringOatPeaIntercrop_2024_NY_66_subplot_1,714584,2,66,1,33_66,66_1,,,subplot_1,,,,66_1,,,,1,
SpringOatPeaIntercrop_2024_NY_66_subplot_2,714586,2,66,2,33_66,66_2,,,,,,,,,,,,
SpringOatPeaIntercrop_2024_NY_66_subplot_3,714588,2,66,3,33_66,66_3,,subplot_3,,,,66_3,,,,1,,
SpringOatPeaIntercrop_2024_NY_67_subplot_1,714050,2,67,1,34_67,67_1,,,subplot_1,,,,67_1,,,,1,
SpringOatPeaIntercrop_2024_NY_67_subplot_2,714051,2,67,2,34_67,67_2,,,,,,,,,,,,
SpringOatPeaIntercrop_2024_NY_67_subplot_3,714052,2,67,3,34_67,67_3,,subplot_3,,,,67_3,,,,1,,
SpringOatPeaIntercrop_2024_NY_68_subplot_1,713937,2,68,1,34_68,68_1,,,subplot_1,,,,68_1,,,,1,
SpringOatPeaIntercrop_2024_NY_68_subplot_2,713939,2,68,2,34_68,68_2,,,,,,,,,,,,
SpringOatPeaIntercrop_2024_NY_68_subplot_3,713941,2,68,3,34_68,68_3,,subplot_3,,,,68_3,,,,1,,
SpringOatPeaIntercrop_2024_NY_69_subplot_1,714555,2,69,1,35_69,69_1,,subplot_1,,,,69_1,,,,1,,
SpringOatPeaIntercrop_2024_NY_69_subplot_2,714557,2,69,2,35_69,69_2,,,,,,,,,,,,
SpringOatPeaIntercrop_2024_NY_69_subplot_3,714559,2,69,3,35_69,69_3,,,,subplot_3,,,,69_3,,,,1
SpringOatPeaIntercrop_2024_NY_70_subplot_1,714461,2,70,1,35_70,70_1,,subplot_1,,,,70_1,,,,1,,
SpringOatPeaIntercrop_2024_NY_70_subplot_2,714462,2,70,2,35_70,70_2,,,,,,,,,,,,
SpringOatPeaIntercrop_2024_NY_70_subplot_3,714464,2,70,3,35_70,70_3,,,,subplot_3,,,,70_3,,,,1
SpringOatPeaIntercrop_2024_NY_71_subplot_1,714543,2,71,1,36_71,71_1,subplot_1,,,,71_1,,,,1,,,
SpringOatPeaIntercrop_2024_NY_71_subplot_2,714545,2,71,2,36_71,71_2,,,,,,,,,,,,
SpringOatPeaIntercrop_2024_NY_71_subplot_3,714547,2,71,3,36_71,71_3,,,,subplot_3,,,,71_3,,,,1
SpringOatPeaIntercrop_2024_NY_72_subplot_1,713781,2,72,1,36_72,72_1,subplot_1,,,,72_1,,,,1,,,
SpringOatPeaIntercrop_2024_NY_72_subplot_2,713783,2,72,2,36_72,72_2,,,,,,,,,,,,
SpringOatPeaIntercrop_2024_NY_72_subplot_3,713785,2,72,3,36_72,72_3,,,,subplot_3,,,,72_3,,,,1
SpringOatPeaIntercrop_2024_NY_73_subplot_1,714074,2,73,1,37_73,73_1,,,subplot_1,,,,73_1,,,,1,
SpringOatPeaIntercrop_2024_NY_73_subplot_2,714075,2,73,2,37_73,73_2,,,,,,,,,,,,
SpringOatPeaIntercrop_2024_NY_73_subplot_3,714076,2,73,3,37_73,73_3,,subplot_3,,,,73_3,,,,1,,
SpringOatPeaIntercrop_2024_NY_74_subplot_1,714519,2,74,1,37_74,74_1,,,subplot_1,,,,74_1,,,,1,
SpringOatPeaIntercrop_2024_NY_74_subplot_2,714521,2,74,2,37_74,74_2,,,,,,,,,,,,
SpringOatPeaIntercrop_2024_NY_74_subplot_3,714523,2,74,3,37_74,74_3,,subplot_3,,,,74_3,,,,1,,
SpringOatPeaIntercrop_2024_NY_75_subplot_1,713646,2,75,1,38_75,75_1,subplot_1,,,,75_1,,,,1,,,
SpringOatPeaIntercrop_2024_NY_75_subplot_2,713648,2,75,2,38_75,75_2,,,,,,,,,,,,
SpringOatPeaIntercrop_2024_NY_75_subplot_3,713650,2,75,3,38_75,75_3,,,,subplot_3,,,,75_3,,,,1
SpringOatPeaIntercrop_2024_NY_76_subplot_1,714282,2,76,1,38_76,76_1,subplot_1,,,,76_1,,,,1,,,
SpringOatPeaIntercrop_2024_NY_76_subplot_2,714284,2,76,2,38_76,76_2,,,,,,,,,,,,
SpringOatPeaIntercrop_2024_NY_76_subplot_3,714286,2,76,3,38_76,76_3,,,,subplot_3,,,,76_3,,,,1
SpringOatPeaIntercrop_2024_NY_77_subplot_1,714211,2,77,1,39_77,77_1,,,,subplot_1,,,,77_1,,,,1
SpringOatPeaIntercrop_2024_NY_77_subplot_2,714213,2,77,2,39_77,77_2,,,,,,,,,,,,
SpringOatPeaIntercrop_2024_NY_77_subplot_3,714215,2,77,3,39_77,77_3,subplot_3,,,,77_3,,,,1,,,
SpringOatPeaIntercrop_2024_NY_78_subplot_1,713865,2,78,1,39_78,78_1,,,,subplot_1,,,,78_1,,,,1
SpringOatPeaIntercrop_2024_NY_78_subplot_2,713867,2,78,2,39_78,78_2,,,,,,,,,,,,
SpringOatPeaIntercrop_2024_NY_78_subplot_3,713869,2,78,3,39_78,78_3,subplot_3,,,,78_3,,,,1,,,
SpringOatPeaIntercrop_2024_NY_79_subplot_1,714311,2,79,1,40_79,79_1,,,subplot_1,,,,79_1,,,,1,
SpringOatPeaIntercrop_2024_NY_79_subplot_2,714313,2,79,2,40_79,79_2,,,,,,,,,,,,
SpringOatPeaIntercrop_2024_NY_79_subplot_3,714315,2,79,3,40_79,79_3,subplot_3,,,,79_3,,,,1,,,
SpringOatPeaIntercrop_2024_NY_80_subplot_1,714537,2,80,1,40_80,80_1,,,subplot_1,,,,80_1,,,,1,
SpringOatPeaIntercrop_2024_NY_80_subplot_2,714539,2,80,2,40_80,80_2,,,,,,,,,,,,
SpringOatPeaIntercrop_2024_NY_80_subplot_3,714541,2,80,3,40_80,80_3,subplot_3,,,,80_3,,,,1,,,
SpringOatPeaIntercrop_2024_NY_81_subplot_1,714466,2,81,1,41_81,81_1,subplot_1,,,,81_1,,,,1,,,
SpringOatPeaIntercrop_2024_NY_81_subplot_2,714468,2,81,2,41_81,81_2,,,,,,,,,,,,
SpringOatPeaIntercrop_2024_NY_81_subplot_3,714470,2,81,3,41_81,81_3,,,subplot_3,,,,81_3,,,,1,
SpringOatPeaIntercrop_2024_NY_82_subplot_1,713871,2,82,1,41_82,82_1,subplot_1,,,,82_1,,,,1,,,
SpringOatPeaIntercrop_2024_NY_82_subplot_2,713873,2,82,2,41_82,82_2,,,,,,,,,,,,
SpringOatPeaIntercrop_2024_NY_82_subplot_3,713875,2,82,3,41_82,82_3,,,subplot_3,,,,82_3,,,,1,
SpringOatPeaIntercrop_2024_NY_83_subplot_1,714053,2,83,1,42_83,83_1,,,,subplot_1,,,,83_1,,,,1
SpringOatPeaIntercrop_2024_NY_83_subplot_2,714054,2,83,2,42_83,83_2,,,,,,,,,,,,
SpringOatPeaIntercrop_2024_NY_83_subplot_3,714055,2,83,3,42_83,83_3,subplot_3,,,,83_3,,,,1,,,
SpringOatPeaIntercrop_2024_NY_84_subplot_1,714472,2,84,1,42_84,84_1,,,,subplot_1,,,,84_1,,,,1
SpringOatPeaIntercrop_2024_NY_84_subplot_2,714474,2,84,2,42_84,84_2,,,,,,,,,,,,
SpringOatPeaIntercrop_2024_NY_84_subplot_3,714476,2,84,3,42_84,84_3,subplot_3,,,,84_3,,,,1,,,
SpringOatPeaIntercrop_2024_NY_85_subplot_1,713711,2,85,1,43_85,85_1,,,,subplot_1,,,,85_1,,,,1
SpringOatPeaIntercrop_2024_NY_85_subplot_2,713713,2,85,2,43_85,85_2,,,,,,,,,,,,
SpringOatPeaIntercrop_2024_NY_85_subplot_3,713715,2,85,3,43_85,85_3,subplot_3,,,,85_3,,,,1,,,
SpringOatPeaIntercrop_2024_NY_86_subplot_1,714396,2,86,1,43_86,86_1,,,,subplot_1,,,,86_1,,,,1
SpringOatPeaIntercrop_2024_NY_86_subplot_2,714398,2,86,2,43_86,86_2,,,,,,,,,,,,
SpringOatPeaIntercrop_2024_NY_86_subplot_3,714400,2,86,3,43_86,86_3,subplot_3,,,,86_3,,,,1,,,
SpringOatPeaIntercrop_2024_NY_87_subplot_1,714140,2,87,1,44_87,87_1,,,,subplot_1,,,,87_1,,,,1
SpringOatPeaIntercrop_2024_NY_87_subplot_2,714142,2,87,2,44_87,87_2,,,,,,,,,,,,
SpringOatPeaIntercrop_2024_NY_87_subplot_3,714143,2,87,3,44_87,87_3,subplot_3,,,,87_3,,,,1,,,
SpringOatPeaIntercrop_2024_NY_88_subplot_1,713806,2,88,1,44_88,88_1,,,,subplot_1,,,,88_1,,,,1
SpringOatPeaIntercrop_2024_NY_88_subplot_2,713808,2,88,2,44_88,88_2,,,,,,,,,,,,
SpringOatPeaIntercrop_2024_NY_88_subplot_3,713809,2,88,3,44_88,88_3,subplot_3,,,,88_3,,,,1,,,
SpringOatPeaIntercrop_2024_NY_89_subplot_1,714365,2,89,1,45_89,89_1,subplot_1,,,,89_1,,,,1,,,
SpringOatPeaIntercrop_2024_NY_89_subplot_2,714367,2,89,2,45_89,89_2,,,,,,,,,,,,
SpringOatPeaIntercrop_2024_NY_89_subplot_3,714370,2,89,3,45_89,89_3,,,,subplot_3,,,,89_3,,,,1
SpringOatPeaIntercrop_2024_NY_90_subplot_1,714402,2,90,1,45_90,90_1,subplot_1,,,,90_1,,,,1,,,
SpringOatPeaIntercrop_2024_NY_90_subplot_2,714404,2,90,2,45_90,90_2,,,,,,,,,,,,
SpringOatPeaIntercrop_2024_NY_90_subplot_3,714406,2,90,3,45_90,90_3,,,,subplot_3,,,,90_3,,,,1
SpringOatPeaIntercrop_2024_NY_91_subplot_1,714264,2,91,1,46_91,91_1,,,subplot_1,,,,91_1,,,,1,
SpringOatPeaIntercrop_2024_NY_91_subplot_2,714266,2,91,2,46_91,91_2,,,,,,,,,,,,
SpringOatPeaIntercrop_2024_NY_91_subplot_3,714268,2,91,3,46_91,91_3,,subplot_3,,,,91_3,,,,1,,
SpringOatPeaIntercrop_2024_NY_92_subplot_1,713996,2,92,1,46_92,92_1,,,subplot_1,,,,92_1,,,,1,
SpringOatPeaIntercrop_2024_NY_92_subplot_2,713998,2,92,2,46_92,92_2,,,,,,,,,,,,
SpringOatPeaIntercrop_2024_NY_92_subplot_3,714000,2,92,3,46_92,92_3,,subplot_3,,,,92_3,,,,1,,
SpringOatPeaIntercrop_2024_NY_93_subplot_1,714122,2,93,1,47_93,93_1,,,,subplot_1,,,,93_1,,,,1
SpringOatPeaIntercrop_2024_NY_93_subplot_2,714123,2,93,2,47_93,93_2,,,,,,,,,,,,
SpringOatPeaIntercrop_2024_NY_93_subplot_3,714124,2,93,3,47_93,93_3,,subplot_3,,,,93_3,,,,1,,
SpringOatPeaIntercrop_2024_NY_94_subplot_1,714258,2,94,1,47_94,94_1,,,,subplot_1,,,,94_1,,,,1
SpringOatPeaIntercrop_2024_NY_94_subplot_2,714260,2,94,2,47_94,94_2,,,,,,,,,,,,
SpringOatPeaIntercrop_2024_NY_94_subplot_3,714262,2,94,3,47_94,94_3,,subplot_3,,,,94_3,,,,1,,
SpringOatPeaIntercrop_2024_NY_95_subplot_1,713583,2,95,1,48_95,95_1,,subplot_1,,,,95_1,,,,1,,
SpringOatPeaIntercrop_2024_NY_95_subplot_2,713585,2,95,2,48_95,95_2,,,,,,,,,,,,
SpringOatPeaIntercrop_2024_NY_95_subplot_3,713587,2,95,3,48_95,95_3,,,,subplot_3,,,,95_3,,,,1
SpringOatPeaIntercrop_2024_NY_96_subplot_1,714525,2,96,1,48_96,96_1,,subplot_1,,,,96_1,,,,1,,
SpringOatPeaIntercrop_2024_NY_96_subplot_2,714527,2,96,2,48_96,96_2,,,,,,,,,,,,
SpringOatPeaIntercrop_2024_NY_96_subplot_3,714529,2,96,3,48_96,96_3,,,,subplot_3,,,,96_3,,,,1
SpringOatPeaIntercrop_2024_NY_97_subplot_1,714041,2,97,1,49_97,97_1,subplot_1,,,,97_1,,,,1,,,
SpringOatPeaIntercrop_2024_NY_97_subplot_2,714042,2,97,2,49_97,97_2,,,,,,,,,,,,
SpringOatPeaIntercrop_2024_NY_97_subplot_3,714043,2,97,3,49_97,97_3,,,subplot_3,,,,97_3,,,,1,
SpringOatPeaIntercrop_2024_NY_98_subplot_1,713907,2,98,1,49_98,98_1,subplot_1,,,,98_1,,,,1,,,
SpringOatPeaIntercrop_2024_NY_98_subplot_2,713909,2,98,2,49_98,98_2,,,,,,,,,,,,
SpringOatPeaIntercrop_2024_NY_98_subplot_3,713911,2,98,3,49_98,98_3,,,subplot_3,,,,98_3,,,,1,
SpringOatPeaIntercrop_2024_NY_99_subplot_1,714572,2,99,1,50_99,99_1,,subplot_1,,,,99_1,,,,1,,
SpringOatPeaIntercrop_2024_NY_99_subplot_2,714574,2,99,2,50_99,99_2,,,,,,,,,,,,
SpringOatPeaIntercrop_2024_NY_99_subplot_3,714576,2,99,3,50_99,99_3,,,subplot_3,,,,99_3,,,,1,
SpringOatPeaIntercrop_2024_NY_100_subplot_1,713889,2,100,1,50_100,100_1,,subplot_1,,,,100_1,,,,1,,
SpringOatPeaIntercrop_2024_NY_100_subplot_2,713891,2,100,2,50_100,100_2,,,,,,,,,,,,
SpringOatPeaIntercrop_2024_NY_100_subplot_3,713893,2,100,3,50_100,100_3,,,subplot_3,,,,100_3,,,,1,
SpringOatPeaIntercrop_2024_NY_101_subplot_1,714044,3,101,1,51_101,101_1,,subplot_1,,,,101_1,,,,1,,
SpringOatPeaIntercrop_2024_NY_101_subplot_2,714045,3,101,2,51_101,101_2,,,,,,,,,,,,
SpringOatPeaIntercrop_2024_NY_101_subplot_3,714046,3,101,3,51_101,101_3,,,,subplot_3,,,,101_3,,,,1
SpringOatPeaIntercrop_2024_NY_102_subplot_1,714217,3,102,1,51_102,102_1,,subplot_1,,,,102_1,,,,1,,
SpringOatPeaIntercrop_2024_NY_102_subplot_2,714219,3,102,2,51_102,102_2,,,,,,,,,,,,
SpringOatPeaIntercrop_2024_NY_102_subplot_3,714221,3,102,3,51_102,102_3,,,,subplot_3,,,,102_3,,,,1
SpringOatPeaIntercrop_2024_NY_103_subplot_1,713847,3,103,1,52_103,103_1,subplot_1,,,,103_1,,,,1,,,
SpringOatPeaIntercrop_2024_NY_103_subplot_2,713849,3,103,2,52_103,103_2,,,,,,,,,,,,
SpringOatPeaIntercrop_2024_NY_103_subplot_3,713851,3,103,3,52_103,103_3,,,,subplot_3,,,,103_3,,,,1
SpringOatPeaIntercrop_2024_NY_104_subplot_1,714299,3,104,1,52_104,104_1,subplot_1,,,,104_1,,,,1,,,
SpringOatPeaIntercrop_2024_NY_104_subplot_2,714301,3,104,2,52_104,104_2,,,,,,,,,,,,
SpringOatPeaIntercrop_2024_NY_104_subplot_3,714303,3,104,3,52_104,104_3,,,,subplot_3,,,,104_3,,,,1
SpringOatPeaIntercrop_2024_NY_105_subplot_1,713724,3,105,1,53_105,105_1,,,,subplot_1,,,,105_1,,,,1
SpringOatPeaIntercrop_2024_NY_105_subplot_2,713726,3,105,2,53_105,105_2,,,,,,,,,,,,
SpringOatPeaIntercrop_2024_NY_105_subplot_3,713728,3,105,3,53_105,105_3,,subplot_3,,,,105_3,,,,1,,
SpringOatPeaIntercrop_2024_NY_106_subplot_1,713919,3,106,1,53_106,106_1,,,,subplot_1,,,,106_1,,,,1
SpringOatPeaIntercrop_2024_NY_106_subplot_2,713921,3,106,2,53_106,106_2,,,,,,,,,,,,
SpringOatPeaIntercrop_2024_NY_106_subplot_3,713923,3,106,3,53_106,106_3,,subplot_3,,,,106_3,,,,1,,
SpringOatPeaIntercrop_2024_NY_107_subplot_1,713973,3,107,1,54_107,107_1,,subplot_1,,,,107_1,,,,1,,
SpringOatPeaIntercrop_2024_NY_107_subplot_2,713975,3,107,2,54_107,107_2,,,,,,,,,,,,
SpringOatPeaIntercrop_2024_NY_107_subplot_3,713977,3,107,3,54_107,107_3,,,,subplot_3,,,,107_3,,,,1
SpringOatPeaIntercrop_2024_NY_108_subplot_1,713666,3,108,1,54_108,108_1,,subplot_1,,,,108_1,,,,1,,
SpringOatPeaIntercrop_2024_NY_108_subplot_2,713668,3,108,2,54_108,108_2,,,,,,,,,,,,
SpringOatPeaIntercrop_2024_NY_108_subplot_3,713670,3,108,3,54_108,108_3,,,,subplot_3,,,,108_3,,,,1
SpringOatPeaIntercrop_2024_NY_109_subplot_1,714561,3,109,1,55_109,109_1,,,subplot_1,,,,109_1,,,,1,
SpringOatPeaIntercrop_2024_NY_109_subplot_2,714563,3,109,2,55_109,109_2,,,,,,,,,,,,
SpringOatPeaIntercrop_2024_NY_109_subplot_3,714565,3,109,3,55_109,109_3,subplot_3,,,,109_3,,,,1,,,
SpringOatPeaIntercrop_2024_NY_110_subplot_1,713756,3,110,1,55_110,110_1,,,subplot_1,,,,110_1,,,,1,
SpringOatPeaIntercrop_2024_NY_110_subplot_2,713758,3,110,2,55_110,110_2,,,,,,,,,,,,
SpringOatPeaIntercrop_2024_NY_110_subplot_3,713761,3,110,3,55_110,110_3,subplot_3,,,,110_3,,,,1,,,
SpringOatPeaIntercrop_2024_NY_111_subplot_1,714077,3,111,1,56_111,111_1,subplot_1,,,,111_1,,,,1,,,
SpringOatPeaIntercrop_2024_NY_111_subplot_2,714078,3,111,2,56_111,111_2,,,,,,,,,,,,
SpringOatPeaIntercrop_2024_NY_111_subplot_3,714079,3,111,3,56_111,111_3,,,subplot_3,,,,111_3,,,,1,
SpringOatPeaIntercrop_2024_NY_112_subplot_1,714131,3,112,1,56_112,112_1,subplot_1,,,,112_1,,,,1,,,
SpringOatPeaIntercrop_2024_NY_112_subplot_2,714132,3,112,2,56_112,112_2,,,,,,,,,,,,
SpringOatPeaIntercrop_2024_NY_112_subplot_3,714133,3,112,3,56_112,112_3,,,subplot_3,,,,112_3,,,,1,
SpringOatPeaIntercrop_2024_NY_113_subplot_1,713823,3,113,1,57_113,113_1,,,subplot_1,,,,113_1,,,,1,
SpringOatPeaIntercrop_2024_NY_113_subplot_2,713825,3,113,2,57_113,113_2,,,,,,,,,,,,
SpringOatPeaIntercrop_2024_NY_113_subplot_3,713827,3,113,3,57_113,113_3,subplot_3,,,,113_3,,,,1,,,
SpringOatPeaIntercrop_2024_NY_114_subplot_1,714378,3,114,1,57_114,114_1,,,subplot_1,,,,114_1,,,,1,
SpringOatPeaIntercrop_2024_NY_114_subplot_2,714380,3,114,2,57_114,114_2,,,,,,,,,,,,
SpringOatPeaIntercrop_2024_NY_114_subplot_3,714382,3,114,3,57_114,114_3,subplot_3,,,,114_3,,,,1,,,
SpringOatPeaIntercrop_2024_NY_115_subplot_1,713627,3,115,1,58_115,115_1,,,,subplot_1,,,,115_1,,,,1
SpringOatPeaIntercrop_2024_NY_115_subplot_2,713629,3,115,2,58_115,115_2,,,,,,,,,,,,
SpringOatPeaIntercrop_2024_NY_115_subplot_3,713631,3,115,3,58_115,115_3,,subplot_3,,,,115_3,,,,1,,
SpringOatPeaIntercrop_2024_NY_116_subplot_1,714008,3,116,1,58_116,116_1,,,,subplot_1,,,,116_1,,,,1
SpringOatPeaIntercrop_2024_NY_116_subplot_2,714010,3,116,2,58_116,116_2,,,,,,,,,,,,
SpringOatPeaIntercrop_2024_NY_116_subplot_3,714012,3,116,3,58_116,116_3,,subplot_3,,,,116_3,,,,1,,
SpringOatPeaIntercrop_2024_NY_117_subplot_1,713925,3,117,1,59_117,117_1,,,subplot_1,,,,117_1,,,,1,
SpringOatPeaIntercrop_2024_NY_117_subplot_2,713927,3,117,2,59_117,117_2,,,,,,,,,,,,
SpringOatPeaIntercrop_2024_NY_117_subplot_3,713929,3,117,3,59_117,117_3,,subplot_3,,,,117_3,,,,1,,
SpringOatPeaIntercrop_2024_NY_118_subplot_1,713685,3,118,1,59_118,118_1,,,subplot_1,,,,118_1,,,,1,
SpringOatPeaIntercrop_2024_NY_118_subplot_2,713687,3,118,2,59_118,118_2,,,,,,,,,,,,
SpringOatPeaIntercrop_2024_NY_118_subplot_3,713689,3,118,3,59_118,118_3,,subplot_3,,,,118_3,,,,1,,
SpringOatPeaIntercrop_2024_NY_119_subplot_1,714455,3,119,1,60_119,119_1,,,subplot_1,,,,119_1,,,,1,
SpringOatPeaIntercrop_2024_NY_119_subplot_2,714457,3,119,2,60_119,119_2,,,,,,,,,,,,
SpringOatPeaIntercrop_2024_NY_119_subplot_3,714459,3,119,3,60_119,119_3,subplot_3,,,,119_3,,,,1,,,
SpringOatPeaIntercrop_2024_NY_120_subplot_1,714566,3,120,1,60_120,120_1,,,subplot_1,,,,120_1,,,,1,
SpringOatPeaIntercrop_2024_NY_120_subplot_2,714568,3,120,2,60_120,120_2,,,,,,,,,,,,
SpringOatPeaIntercrop_2024_NY_120_subplot_3,714570,3,120,3,60_120,120_3,subplot_3,,,,120_3,,,,1,,,
SpringOatPeaIntercrop_2024_NY_121_subplot_1,713653,3,121,1,61_121,121_1,,subplot_1,,,,121_1,,,,1,,
SpringOatPeaIntercrop_2024_NY_121_subplot_2,713655,3,121,2,61_121,121_2,,,,,,,,,,,,
SpringOatPeaIntercrop_2024_NY_121_subplot_3,713657,3,121,3,61_121,121_3,,,,subplot_3,,,,121_3,,,,1
SpringOatPeaIntercrop_2024_NY_122_subplot_1,713608,3,122,1,61_122,122_1,,subplot_1,,,,122_1,,,,1,,
SpringOatPeaIntercrop_2024_NY_122_subplot_2,713610,3,122,2,61_122,122_2,,,,,,,,,,,,
SpringOatPeaIntercrop_2024_NY_122_subplot_3,713612,3,122,3,61_122,122_3,,,,subplot_3,,,,122_3,,,,1
SpringOatPeaIntercrop_2024_NY_123_subplot_1,714508,3,123,1,62_123,123_1,subplot_1,,,,123_1,,,,1,,,
SpringOatPeaIntercrop_2024_NY_123_subplot_2,714510,3,123,2,62_123,123_2,,,,,,,,,,,,
SpringOatPeaIntercrop_2024_NY_123_subplot_3,714511,3,123,3,62_123,123_3,,,subplot_3,,,,123_3,,,,1,
SpringOatPeaIntercrop_2024_NY_124_subplot_1,713913,3,124,1,62_124,124_1,subplot_1,,,,124_1,,,,1,,,
SpringOatPeaIntercrop_2024_NY_124_subplot_2,713915,3,124,2,62_124,124_2,,,,,,,,,,,,
SpringOatPeaIntercrop_2024_NY_124_subplot_3,713917,3,124,3,62_124,124_3,,,subplot_3,,,,124_3,,,,1,
SpringOatPeaIntercrop_2024_NY_125_subplot_1,714095,3,125,1,63_125,125_1,,,subplot_1,,,,125_1,,,,1,
SpringOatPeaIntercrop_2024_NY_125_subplot_2,714096,3,125,2,63_125,125_2,,,,,,,,,,,,
SpringOatPeaIntercrop_2024_NY_125_subplot_3,714097,3,125,3,63_125,125_3,subplot_3,,,,125_3,,,,1,,,
SpringOatPeaIntercrop_2024_NY_126_subplot_1,714294,3,126,1,63_126,126_1,,,subplot_1,,,,126_1,,,,1,
SpringOatPeaIntercrop_2024_NY_126_subplot_2,714296,3,126,2,63_126,126_2,,,,,,,,,,,,
SpringOatPeaIntercrop_2024_NY_126_subplot_3,714297,3,126,3,63_126,126_3,subplot_3,,,,126_3,,,,1,,,
SpringOatPeaIntercrop_2024_NY_127_subplot_1,714359,3,127,1,64_127,127_1,,,subplot_1,,,,127_1,,,,1,
SpringOatPeaIntercrop_2024_NY_127_subplot_2,714361,3,127,2,64_127,127_2,,,,,,,,,,,,
SpringOatPeaIntercrop_2024_NY_127_subplot_3,714363,3,127,3,64_127,127_3,subplot_3,,,,127_3,,,,1,,,
SpringOatPeaIntercrop_2024_NY_128_subplot_1,714056,3,128,1,64_128,128_1,,,subplot_1,,,,128_1,,,,1,
SpringOatPeaIntercrop_2024_NY_128_subplot_2,714057,3,128,2,64_128,128_2,,,,,,,,,,,,
SpringOatPeaIntercrop_2024_NY_128_subplot_3,714058,3,128,3,64_128,128_3,subplot_3,,,,128_3,,,,1,,,
SpringOatPeaIntercrop_2024_NY_129_subplot_1,713853,3,129,1,65_129,129_1,,,subplot_1,,,,129_1,,,,1,
SpringOatPeaIntercrop_2024_NY_129_subplot_2,713855,3,129,2,65_129,129_2,,,,,,,,,,,,
SpringOatPeaIntercrop_2024_NY_129_subplot_3,713857,3,129,3,65_129,129_3,,subplot_3,,,,129_3,,,,1,,
SpringOatPeaIntercrop_2024_NY_130_subplot_1,713640,3,130,1,65_130,130_1,,,subplot_1,,,,130_1,,,,1,
SpringOatPeaIntercrop_2024_NY_130_subplot_2,713642,3,130,2,65_130,130_2,,,,,,,,,,,,
SpringOatPeaIntercrop_2024_NY_130_subplot_3,713644,3,130,3,65_130,130_3,,subplot_3,,,,130_3,,,,1,,
SpringOatPeaIntercrop_2024_NY_131_subplot_1,714549,3,131,1,66_131,131_1,,,,subplot_1,,,,131_1,,,,1
SpringOatPeaIntercrop_2024_NY_131_subplot_2,714551,3,131,2,66_131,131_2,,,,,,,,,,,,
SpringOatPeaIntercrop_2024_NY_131_subplot_3,714553,3,131,3,66_131,131_3,subplot_3,,,,131_3,,,,1,,,
SpringOatPeaIntercrop_2024_NY_132_subplot_1,714276,3,132,1,66_132,132_1,,,,subplot_1,,,,132_1,,,,1
SpringOatPeaIntercrop_2024_NY_132_subplot_2,714278,3,132,2,66_132,132_2,,,,,,,,,,,,
SpringOatPeaIntercrop_2024_NY_132_subplot_3,714280,3,132,3,66_132,132_3,subplot_3,,,,132_3,,,,1,,,
SpringOatPeaIntercrop_2024_NY_133_subplot_1,713620,3,133,1,67_133,133_1,,,subplot_1,,,,133_1,,,,1,
SpringOatPeaIntercrop_2024_NY_133_subplot_2,713623,3,133,2,67_133,133_2,,,,,,,,,,,,
SpringOatPeaIntercrop_2024_NY_133_subplot_3,713625,3,133,3,67_133,133_3,,subplot_3,,,,133_3,,,,1,,
SpringOatPeaIntercrop_2024_NY_134_subplot_1,714235,3,134,1,67_134,134_1,,,subplot_1,,,,134_1,,,,1,
SpringOatPeaIntercrop_2024_NY_134_subplot_2,714237,3,134,2,67_134,134_2,,,,,,,,,,,,
SpringOatPeaIntercrop_2024_NY_134_subplot_3,714239,3,134,3,67_134,134_3,,subplot_3,,,,134_3,,,,1,,
SpringOatPeaIntercrop_2024_NY_135_subplot_1,713817,3,135,1,68_135,135_1,,,subplot_1,,,,135_1,,,,1,
SpringOatPeaIntercrop_2024_NY_135_subplot_2,713819,3,135,2,68_135,135_2,,,,,,,,,,,,
SpringOatPeaIntercrop_2024_NY_135_subplot_3,713821,3,135,3,68_135,135_3,,subplot_3,,,,135_3,,,,1,,
SpringOatPeaIntercrop_2024_NY_136_subplot_1,713596,3,136,1,68_136,136_1,,,subplot_1,,,,136_1,,,,1,
SpringOatPeaIntercrop_2024_NY_136_subplot_2,713598,3,136,2,68_136,136_2,,,,,,,,,,,,
SpringOatPeaIntercrop_2024_NY_136_subplot_3,713600,3,136,3,68_136,136_3,,subplot_3,,,,136_3,,,,1,,
SpringOatPeaIntercrop_2024_NY_137_subplot_1,713532,3,137,1,69_137,137_1,subplot_1,,,,137_1,,,,1,,,
SpringOatPeaIntercrop_2024_NY_137_subplot_2,713534,3,137,2,69_137,137_2,,,,,,,,,,,,
SpringOatPeaIntercrop_2024_NY_137_subplot_3,713536,3,137,3,69_137,137_3,,,subplot_3,,,,137_3,,,,1,
SpringOatPeaIntercrop_2024_NY_138_subplot_1,713877,3,138,1,69_138,138_1,subplot_1,,,,138_1,,,,1,,,
SpringOatPeaIntercrop_2024_NY_138_subplot_2,713879,3,138,2,69_138,138_2,,,,,,,,,,,,
SpringOatPeaIntercrop_2024_NY_138_subplot_3,713881,3,138,3,69_138,138_3,,,subplot_3,,,,138_3,,,,1,
SpringOatPeaIntercrop_2024_NY_139_subplot_1,714059,3,139,1,70_139,139_1,,subplot_1,,,,139_1,,,,1,,
SpringOatPeaIntercrop_2024_NY_139_subplot_2,714060,3,139,2,70_139,139_2,,,,,,,,,,,,
SpringOatPeaIntercrop_2024_NY_139_subplot_3,714061,3,139,3,70_139,139_3,,,subplot_3,,,,139_3,,,,1,
SpringOatPeaIntercrop_2024_NY_140_subplot_1,713835,3,140,1,70_140,140_1,,subplot_1,,,,140_1,,,,1,,
SpringOatPeaIntercrop_2024_NY_140_subplot_2,713837,3,140,2,70_140,140_2,,,,,,,,,,,,
SpringOatPeaIntercrop_2024_NY_140_subplot_3,713839,3,140,3,70_140,140_3,,,subplot_3,,,,140_3,,,,1,
SpringOatPeaIntercrop_2024_NY_141_subplot_1,714110,3,141,1,71_141,141_1,subplot_1,,,,141_1,,,,1,,,
SpringOatPeaIntercrop_2024_NY_141_subplot_2,714111,3,141,2,71_141,141_2,,,,,,,,,,,,
SpringOatPeaIntercrop_2024_NY_141_subplot_3,714112,3,141,3,71_141,141_3,,,,subplot_3,,,,141_3,,,,1
SpringOatPeaIntercrop_2024_NY_142_subplot_1,714193,3,142,1,71_142,142_1,subplot_1,,,,142_1,,,,1,,,
SpringOatPeaIntercrop_2024_NY_142_subplot_2,714195,3,142,2,71_142,142_2,,,,,,,,,,,,
SpringOatPeaIntercrop_2024_NY_142_subplot_3,714197,3,142,3,71_142,142_3,,,,subplot_3,,,,142_3,,,,1
SpringOatPeaIntercrop_2024_NY_143_subplot_1,713743,3,143,1,72_143,143_1,,subplot_1,,,,143_1,,,,1,,
SpringOatPeaIntercrop_2024_NY_143_subplot_2,713745,3,143,2,72_143,143_2,,,,,,,,,,,,
SpringOatPeaIntercrop_2024_NY_143_subplot_3,713748,3,143,3,72_143,143_3,,,,subplot_3,,,,143_3,,,,1
SpringOatPeaIntercrop_2024_NY_144_subplot_1,714408,3,144,1,72_144,144_1,,subplot_1,,,,144_1,,,,1,,
SpringOatPeaIntercrop_2024_NY_144_subplot_2,714410,3,144,2,72_144,144_2,,,,,,,,,,,,
SpringOatPeaIntercrop_2024_NY_144_subplot_3,714412,3,144,3,72_144,144_3,,,,subplot_3,,,,144_3,,,,1
SpringOatPeaIntercrop_2024_NY_145_subplot_1,713633,3,145,1,73_145,145_1,subplot_1,,,,145_1,,,,1,,,
SpringOatPeaIntercrop_2024_NY_145_subplot_2,713635,3,145,2,73_145,145_2,,,,,,,,,,,,
SpringOatPeaIntercrop_2024_NY_145_subplot_3,713638,3,145,3,73_145,145_3,,,,subplot_3,,,,145_3,,,,1
SpringOatPeaIntercrop_2024_NY_146_subplot_1,714014,3,146,1,73_146,146_1,subplot_1,,,,146_1,,,,1,,,
SpringOatPeaIntercrop_2024_NY_146_subplot_2,714016,3,146,2,73_146,146_2,,,,,,,,,,,,
SpringOatPeaIntercrop_2024_NY_146_subplot_3,714017,3,146,3,73_146,146_3,,,,subplot_3,,,,146_3,,,,1
SpringOatPeaIntercrop_2024_NY_147_subplot_1,713895,3,147,1,74_147,147_1,,subplot_1,,,,147_1,,,,1,,
SpringOatPeaIntercrop_2024_NY_147_subplot_2,713897,3,147,2,74_147,147_2,,,,,,,,,,,,
SpringOatPeaIntercrop_2024_NY_147_subplot_3,713899,3,147,3,74_147,147_3,,,,subplot_3,,,,147_3,,,,1
SpringOatPeaIntercrop_2024_NY_148_subplot_1,713730,3,148,1,74_148,148_1,,subplot_1,,,,148_1,,,,1,,
SpringOatPeaIntercrop_2024_NY_148_subplot_2,713733,3,148,2,74_148,148_2,,,,,,,,,,,,
SpringOatPeaIntercrop_2024_NY_148_subplot_3,713735,3,148,3,74_148,148_3,,,,subplot_3,,,,148_3,,,,1
SpringOatPeaIntercrop_2024_NY_149_subplot_1,714484,3,149,1,75_149,149_1,,,subplot_1,,,,149_1,,,,1,
SpringOatPeaIntercrop_2024_NY_149_subplot_2,714486,3,149,2,75_149,149_2,,,,,,,,,,,,
SpringOatPeaIntercrop_2024_NY_149_subplot_3,714488,3,149,3,75_149,149_3,,subplot_3,,,,149_3,,,,1,,
SpringOatPeaIntercrop_2024_NY_150_subplot_1,714080,3,150,1,75_150,150_1,,,subplot_1,,,,150_1,,,,1,
SpringOatPeaIntercrop_2024_NY_150_subplot_2,714081,3,150,2,75_150,150_2,,,,,,,,,,,,
SpringOatPeaIntercrop_2024_NY_150_subplot_3,714082,3,150,3,75_150,150_3,,subplot_3,,,,150_3,,,,1,,
SpringOatPeaIntercrop_2024_NY_151_subplot_1,713763,4,151,1,76_151,151_1,,subplot_1,,,,151_1,,,,1,,
SpringOatPeaIntercrop_2024_NY_151_subplot_2,713765,4,151,2,76_151,151_2,,,,,,,,,,,,
SpringOatPeaIntercrop_2024_NY_151_subplot_3,713767,4,151,3,76_151,151_3,,,subplot_3,,,,151_3,,,,1,
SpringOatPeaIntercrop_2024_NY_152_subplot_1,713949,4,152,1,76_152,152_1,,subplot_1,,,,152_1,,,,1,,
SpringOatPeaIntercrop_2024_NY_152_subplot_2,713951,4,152,2,76_152,152_2,,,,,,,,,,,,
SpringOatPeaIntercrop_2024_NY_152_subplot_3,713953,4,152,3,76_152,152_3,,,subplot_3,,,,152_3,,,,1,
SpringOatPeaIntercrop_2024_NY_153_subplot_1,714104,4,153,1,77_153,153_1,,,subplot_1,,,,153_1,,,,1,
SpringOatPeaIntercrop_2024_NY_153_subplot_2,714105,4,153,2,77_153,153_2,,,,,,,,,,,,
SpringOatPeaIntercrop_2024_NY_153_subplot_3,714106,4,153,3,77_153,153_3,,subplot_3,,,,153_3,,,,1,,
SpringOatPeaIntercrop_2024_NY_154_subplot_1,713526,4,154,1,77_154,154_1,,,subplot_1,,,,154_1,,,,1,
SpringOatPeaIntercrop_2024_NY_154_subplot_2,713528,4,154,2,77_154,154_2,,,,,,,,,,,,
SpringOatPeaIntercrop_2024_NY_154_subplot_3,713530,4,154,3,77_154,154_3,,subplot_3,,,,154_3,,,,1,,
SpringOatPeaIntercrop_2024_NY_155_subplot_1,714513,4,155,1,78_155,155_1,,,subplot_1,,,,155_1,,,,1,
SpringOatPeaIntercrop_2024_NY_155_subplot_2,714515,4,155,2,78_155,155_2,,,,,,,,,,,,
SpringOatPeaIntercrop_2024_NY_155_subplot_3,714517,4,155,3,78_155,155_3,subplot_3,,,,155_3,,,,1,,,
SpringOatPeaIntercrop_2024_NY_156_subplot_1,714134,4,156,1,78_156,156_1,,,subplot_1,,,,156_1,,,,1,
SpringOatPeaIntercrop_2024_NY_156_subplot_2,714136,4,156,2,78_156,156_2,,,,,,,,,,,,
SpringOatPeaIntercrop_2024_NY_156_subplot_3,714138,4,156,3,78_156,156_3,subplot_3,,,,156_3,,,,1,,,
SpringOatPeaIntercrop_2024_NY_157_subplot_1,714223,4,157,1,79_157,157_1,,,subplot_1,,,,157_1,,,,1,
SpringOatPeaIntercrop_2024_NY_157_subplot_2,714225,4,157,2,79_157,157_2,,,,,,,,,,,,
SpringOatPeaIntercrop_2024_NY_157_subplot_3,714227,4,157,3,79_157,157_3,,subplot_3,,,,157_3,,,,1,,
SpringOatPeaIntercrop_2024_NY_158_subplot_1,714437,4,158,1,79_158,158_1,,,subplot_1,,,,158_1,,,,1,
SpringOatPeaIntercrop_2024_NY_158_subplot_2,714439,4,158,2,79_158,158_2,,,,,,,,,,,,
SpringOatPeaIntercrop_2024_NY_158_subplot_3,714441,4,158,3,79_158,158_3,,subplot_3,,,,158_3,,,,1,,
SpringOatPeaIntercrop_2024_NY_159_subplot_1,713717,4,159,1,80_159,159_1,subplot_1,,,,159_1,,,,1,,,
SpringOatPeaIntercrop_2024_NY_159_subplot_2,713720,4,159,2,80_159,159_2,,,,,,,,,,,,
SpringOatPeaIntercrop_2024_NY_159_subplot_3,713722,4,159,3,80_159,159_3,,,,subplot_3,,,,159_3,,,,1
SpringOatPeaIntercrop_2024_NY_160_subplot_1,713943,4,160,1,80_160,160_1,subplot_1,,,,160_1,,,,1,,,
SpringOatPeaIntercrop_2024_NY_160_subplot_2,713945,4,160,2,80_160,160_2,,,,,,,,,,,,
SpringOatPeaIntercrop_2024_NY_160_subplot_3,713947,4,160,3,80_160,160_3,,,,subplot_3,,,,160_3,,,,1
SpringOatPeaIntercrop_2024_NY_161_subplot_1,714128,4,161,1,81_161,161_1,,subplot_1,,,,161_1,,,,1,,
SpringOatPeaIntercrop_2024_NY_161_subplot_2,714129,4,161,2,81_161,161_2,,,,,,,,,,,,
SpringOatPeaIntercrop_2024_NY_161_subplot_3,714130,4,161,3,81_161,161_3,,,,subplot_3,,,,161_3,,,,1
SpringOatPeaIntercrop_2024_NY_162_subplot_1,714071,4,162,1,81_162,162_1,,subplot_1,,,,162_1,,,,1,,
SpringOatPeaIntercrop_2024_NY_162_subplot_2,714072,4,162,2,81_162,162_2,,,,,,,,,,,,
SpringOatPeaIntercrop_2024_NY_162_subplot_3,714073,4,162,3,81_162,162_3,,,,subplot_3,,,,162_3,,,,1
SpringOatPeaIntercrop_2024_NY_163_subplot_1,714032,4,163,1,82_163,163_1,,,subplot_1,,,,163_1,,,,1,
SpringOatPeaIntercrop_2024_NY_163_subplot_2,714033,4,163,2,82_163,163_2,,,,,,,,,,,,
SpringOatPeaIntercrop_2024_NY_163_subplot_3,714034,4,163,3,82_163,163_3,subplot_3,,,,163_3,,,,1,,,
SpringOatPeaIntercrop_2024_NY_164_subplot_1,714449,4,164,1,82_164,164_1,,,subplot_1,,,,164_1,,,,1,
SpringOatPeaIntercrop_2024_NY_164_subplot_2,714451,4,164,2,82_164,164_2,,,,,,,,,,,,
SpringOatPeaIntercrop_2024_NY_164_subplot_3,714453,4,164,3,82_164,164_3,subplot_3,,,,164_3,,,,1,,,
SpringOatPeaIntercrop_2024_NY_165_subplot_1,713570,4,165,1,83_165,165_1,,,,subplot_1,,,,165_1,,,,1
SpringOatPeaIntercrop_2024_NY_165_subplot_2,713572,4,165,2,83_165,165_2,,,,,,,,,,,,
SpringOatPeaIntercrop_2024_NY_165_subplot_3,713574,4,165,3,83_165,165_3,subplot_3,,,,165_3,,,,1,,,
SpringOatPeaIntercrop_2024_NY_166_subplot_1,713793,4,166,1,83_166,166_1,,,,subplot_1,,,,166_1,,,,1
SpringOatPeaIntercrop_2024_NY_166_subplot_2,713795,4,166,2,83_166,166_2,,,,,,,,,,,,
SpringOatPeaIntercrop_2024_NY_166_subplot_3,713797,4,166,3,83_166,166_3,subplot_3,,,,166_3,,,,1,,,
SpringOatPeaIntercrop_2024_NY_167_subplot_1,713883,4,167,1,84_167,167_1,subplot_1,,,,167_1,,,,1,,,
SpringOatPeaIntercrop_2024_NY_167_subplot_2,713885,4,167,2,84_167,167_2,,,,,,,,,,,,
SpringOatPeaIntercrop_2024_NY_167_subplot_3,713887,4,167,3,84_167,167_3,,,,subplot_3,,,,167_3,,,,1
SpringOatPeaIntercrop_2024_NY_168_subplot_1,713497,4,168,1,84_168,168_1,subplot_1,,,,168_1,,,,1,,,
SpringOatPeaIntercrop_2024_NY_168_subplot_2,713499,4,168,2,84_168,168_2,,,,,,,,,,,,
SpringOatPeaIntercrop_2024_NY_168_subplot_3,713501,4,168,3,84_168,168_3,,,,subplot_3,,,,168_3,,,,1
SpringOatPeaIntercrop_2024_NY_169_subplot_1,714384,4,169,1,85_169,169_1,,subplot_1,,,,169_1,,,,1,,
SpringOatPeaIntercrop_2024_NY_169_subplot_2,714386,4,169,2,85_169,169_2,,,,,,,,,,,,
SpringOatPeaIntercrop_2024_NY_169_subplot_3,714388,4,169,3,85_169,169_3,,,,subplot_3,,,,169_3,,,,1
SpringOatPeaIntercrop_2024_NY_170_subplot_1,713509,4,170,1,85_170,170_1,,subplot_1,,,,170_1,,,,1,,
SpringOatPeaIntercrop_2024_NY_170_subplot_2,713511,4,170,2,85_170,170_2,,,,,,,,,,,,
SpringOatPeaIntercrop_2024_NY_170_subplot_3,713513,4,170,3,85_170,170_3,,,,subplot_3,,,,170_3,,,,1
SpringOatPeaIntercrop_2024_NY_171_subplot_1,714353,4,171,1,86_171,171_1,,subplot_1,,,,171_1,,,,1,,
SpringOatPeaIntercrop_2024_NY_171_subplot_2,714355,4,171,2,86_171,171_2,,,,,,,,,,,,
SpringOatPeaIntercrop_2024_NY_171_subplot_3,714357,4,171,3,86_171,171_3,,,subplot_3,,,,171_3,,,,1,
SpringOatPeaIntercrop_2024_NY_172_subplot_1,714420,4,172,1,86_172,172_1,,subplot_1,,,,172_1,,,,1,,
SpringOatPeaIntercrop_2024_NY_172_subplot_2,714421,4,172,2,86_172,172_2,,,,,,,,,,,,
SpringOatPeaIntercrop_2024_NY_172_subplot_3,714423,4,172,3,86_172,172_3,,,subplot_3,,,,172_3,,,,1,
SpringOatPeaIntercrop_2024_NY_173_subplot_1,713551,4,173,1,87_173,173_1,,subplot_1,,,,173_1,,,,1,,
SpringOatPeaIntercrop_2024_NY_173_subplot_2,713553,4,173,2,87_173,173_2,,,,,,,,,,,,
SpringOatPeaIntercrop_2024_NY_173_subplot_3,713555,4,173,3,87_173,173_3,,,,subplot_3,,,,173_3,,,,1
SpringOatPeaIntercrop_2024_NY_174_subplot_1,714089,4,174,1,87_174,174_1,,subplot_1,,,,174_1,,,,1,,
SpringOatPeaIntercrop_2024_NY_174_subplot_2,714090,4,174,2,87_174,174_2,,,,,,,,,,,,
SpringOatPeaIntercrop_2024_NY_174_subplot_3,714091,4,174,3,87_174,174_3,,,,subplot_3,,,,174_3,,,,1
SpringOatPeaIntercrop_2024_NY_175_subplot_1,713901,4,175,1,88_175,175_1,,,,subplot_1,,,,175_1,,,,1
SpringOatPeaIntercrop_2024_NY_175_subplot_2,713903,4,175,2,88_175,175_2,,,,,,,,,,,,
SpringOatPeaIntercrop_2024_NY_175_subplot_3,713905,4,175,3,88_175,175_3,,subplot_3,,,,175_3,,,,1,,
SpringOatPeaIntercrop_2024_NY_176_subplot_1,713704,4,176,1,88_176,176_1,,,,subplot_1,,,,176_1,,,,1
SpringOatPeaIntercrop_2024_NY_176_subplot_2,713707,4,176,2,88_176,176_2,,,,,,,,,,,,
SpringOatPeaIntercrop_2024_NY_176_subplot_3,713709,4,176,3,88_176,176_3,,subplot_3,,,,176_3,,,,1,,
SpringOatPeaIntercrop_2024_NY_177_subplot_1,713659,4,177,1,89_177,177_1,subplot_1,,,,177_1,,,,1,,,
SpringOatPeaIntercrop_2024_NY_177_subplot_2,713661,4,177,2,89_177,177_2,,,,,,,,,,,,
SpringOatPeaIntercrop_2024_NY_177_subplot_3,713663,4,177,3,89_177,177_3,,,,subplot_3,,,,177_3,,,,1
SpringOatPeaIntercrop_2024_NY_178_subplot_1,713967,4,178,1,89_178,178_1,subplot_1,,,,178_1,,,,1,,,
SpringOatPeaIntercrop_2024_NY_178_subplot_2,713969,4,178,2,89_178,178_2,,,,,,,,,,,,
SpringOatPeaIntercrop_2024_NY_178_subplot_3,713971,4,178,3,89_178,178_3,,,,subplot_3,,,,178_3,,,,1
SpringOatPeaIntercrop_2024_NY_179_subplot_1,714169,4,179,1,90_179,179_1,subplot_1,,,,179_1,,,,1,,,
SpringOatPeaIntercrop_2024_NY_179_subplot_2,714171,4,179,2,90_179,179_2,,,,,,,,,,,,
SpringOatPeaIntercrop_2024_NY_179_subplot_3,714173,4,179,3,90_179,179_3,,,subplot_3,,,,179_3,,,,1,
SpringOatPeaIntercrop_2024_NY_180_subplot_1,714425,4,180,1,90_180,180_1,subplot_1,,,,180_1,,,,1,,,
SpringOatPeaIntercrop_2024_NY_180_subplot_2,714427,4,180,2,90_180,180_2,,,,,,,,,,,,
SpringOatPeaIntercrop_2024_NY_180_subplot_3,714429,4,180,3,90_180,180_3,,,subplot_3,,,,180_3,,,,1,
SpringOatPeaIntercrop_2024_NY_181_subplot_1,713698,4,181,1,91_181,181_1,,subplot_1,,,,181_1,,,,1,,
SpringOatPeaIntercrop_2024_NY_181_subplot_2,713700,4,181,2,91_181,181_2,,,,,,,,,,,,
SpringOatPeaIntercrop_2024_NY_181_subplot_3,713702,4,181,3,91_181,181_3,,,,subplot_3,,,,181_3,,,,1
SpringOatPeaIntercrop_2024_NY_182_subplot_1,713515,4,182,1,91_182,182_1,,subplot_1,,,,182_1,,,,1,,
SpringOatPeaIntercrop_2024_NY_182_subplot_2,713517,4,182,2,91_182,182_2,,,,,,,,,,,,
SpringOatPeaIntercrop_2024_NY_182_subplot_3,713519,4,182,3,91_182,182_3,,,,subplot_3,,,,182_3,,,,1
SpringOatPeaIntercrop_2024_NY_183_subplot_1,714490,4,183,1,92_183,183_1,subplot_1,,,,183_1,,,,1,,,
SpringOatPeaIntercrop_2024_NY_183_subplot_2,714492,4,183,2,92_183,183_2,,,,,,,,,,,,
SpringOatPeaIntercrop_2024_NY_183_subplot_3,714494,4,183,3,92_183,183_3,,,subplot_3,,,,183_3,,,,1,
SpringOatPeaIntercrop_2024_NY_184_subplot_1,713990,4,184,1,92_184,184_1,subplot_1,,,,184_1,,,,1,,,
SpringOatPeaIntercrop_2024_NY_184_subplot_2,713992,4,184,2,92_184,184_2,,,,,,,,,,,,
SpringOatPeaIntercrop_2024_NY_184_subplot_3,713994,4,184,3,92_184,184_3,,,subplot_3,,,,184_3,,,,1,
SpringOatPeaIntercrop_2024_NY_185_subplot_1,714038,4,185,1,93_185,185_1,,subplot_1,,,,185_1,,,,1,,
SpringOatPeaIntercrop_2024_NY_185_subplot_2,714039,4,185,2,93_185,185_2,,,,,,,,,,,,
SpringOatPeaIntercrop_2024_NY_185_subplot_3,714040,4,185,3,93_185,185_3,,,,subplot_3,,,,185_3,,,,1
SpringOatPeaIntercrop_2024_NY_186_subplot_1,714390,4,186,1,93_186,186_1,,subplot_1,,,,186_1,,,,1,,
SpringOatPeaIntercrop_2024_NY_186_subplot_2,714392,4,186,2,93_186,186_2,,,,,,,,,,,,
SpringOatPeaIntercrop_2024_NY_186_subplot_3,714394,4,186,3,93_186,186_3,,,,subplot_3,,,,186_3,,,,1
SpringOatPeaIntercrop_2024_NY_187_subplot_1,714305,4,187,1,94_187,187_1,,,subplot_1,,,,187_1,,,,1,
SpringOatPeaIntercrop_2024_NY_187_subplot_2,714307,4,187,2,94_187,187_2,,,,,,,,,,,,
SpringOatPeaIntercrop_2024_NY_187_subplot_3,714309,4,187,3,94_187,187_3,subplot_3,,,,187_3,,,,1,,,
SpringOatPeaIntercrop_2024_NY_188_subplot_1,714062,4,188,1,94_188,188_1,,,subplot_1,,,,188_1,,,,1,
SpringOatPeaIntercrop_2024_NY_188_subplot_2,714063,4,188,2,94_188,188_2,,,,,,,,,,,,
SpringOatPeaIntercrop_2024_NY_188_subplot_3,714064,4,188,3,94_188,188_3,subplot_3,,,,188_3,,,,1,,,
SpringOatPeaIntercrop_2024_NY_189_subplot_1,713787,4,189,1,95_189,189_1,subplot_1,,,,189_1,,,,1,,,
SpringOatPeaIntercrop_2024_NY_189_subplot_2,713789,4,189,2,95_189,189_2,,,,,,,,,,,,
SpringOatPeaIntercrop_2024_NY_189_subplot_3,713791,4,189,3,95_189,189_3,,,,subplot_3,,,,189_3,,,,1
SpringOatPeaIntercrop_2024_NY_190_subplot_1,713984,4,190,1,95_190,190_1,subplot_1,,,,190_1,,,,1,,,
SpringOatPeaIntercrop_2024_NY_190_subplot_2,713986,4,190,2,95_190,190_2,,,,,,,,,,,,
SpringOatPeaIntercrop_2024_NY_190_subplot_3,713988,4,190,3,95_190,190_3,,,,subplot_3,,,,190_3,,,,1
SpringOatPeaIntercrop_2024_NY_191_subplot_1,714163,4,191,1,96_191,191_1,subplot_1,,,,191_1,,,,1,,,
SpringOatPeaIntercrop_2024_NY_191_subplot_2,714165,4,191,2,96_191,191_2,,,,,,,,,,,,
SpringOatPeaIntercrop_2024_NY_191_subplot_3,714167,4,191,3,96_191,191_3,,,,subplot_3,,,,191_3,,,,1
SpringOatPeaIntercrop_2024_NY_192_subplot_1,714092,4,192,1,96_192,192_1,subplot_1,,,,192_1,,,,1,,,
SpringOatPeaIntercrop_2024_NY_192_subplot_2,714093,4,192,2,96_192,192_2,,,,,,,,,,,,
SpringOatPeaIntercrop_2024_NY_192_subplot_3,714094,4,192,3,96_192,192_3,,,,subplot_3,,,,192_3,,,,1
SpringOatPeaIntercrop_2024_NY_193_subplot_1,714023,4,193,1,97_193,193_1,,,,subplot_1,,,,193_1,,,,1
SpringOatPeaIntercrop_2024_NY_193_subplot_2,714024,4,193,2,97_193,193_2,,,,,,,,,,,,
SpringOatPeaIntercrop_2024_NY_193_subplot_3,714025,4,193,3,97_193,193_3,,subplot_3,,,,193_3,,,,1,,
SpringOatPeaIntercrop_2024_NY_194_subplot_1,714431,4,194,1,97_194,194_1,,,,subplot_1,,,,194_1,,,,1
SpringOatPeaIntercrop_2024_NY_194_subplot_2,714433,4,194,2,97_194,194_2,,,,,,,,,,,,
SpringOatPeaIntercrop_2024_NY_194_subplot_3,714435,4,194,3,97_194,194_3,,subplot_3,,,,194_3,,,,1,,
SpringOatPeaIntercrop_2024_NY_195_subplot_1,713557,4,195,1,98_195,195_1,,,,subplot_1,,,,195_1,,,,1
SpringOatPeaIntercrop_2024_NY_195_subplot_2,713559,4,195,2,98_195,195_2,,,,,,,,,,,,
SpringOatPeaIntercrop_2024_NY_195_subplot_3,713561,4,195,3,98_195,195_3,subplot_3,,,,195_3,,,,1,,,
SpringOatPeaIntercrop_2024_NY_196_subplot_1,713775,4,196,1,98_196,196_1,,,,subplot_1,,,,196_1,,,,1
SpringOatPeaIntercrop_2024_NY_196_subplot_2,713777,4,196,2,98_196,196_2,,,,,,,,,,,,
SpringOatPeaIntercrop_2024_NY_196_subplot_3,713779,4,196,3,98_196,196_3,subplot_3,,,,196_3,,,,1,,,
SpringOatPeaIntercrop_2024_NY_197_subplot_1,713859,4,197,1,99_197,197_1,,subplot_1,,,,197_1,,,,1,,
SpringOatPeaIntercrop_2024_NY_197_subplot_2,713861,4,197,2,99_197,197_2,,,,,,,,,,,,
SpringOatPeaIntercrop_2024_NY_197_subplot_3,713863,4,197,3,99_197,197_3,,,subplot_3,,,,197_3,,,,1,
SpringOatPeaIntercrop_2024_NY_198_subplot_1,713520,4,198,1,99_198,198_1,,subplot_1,,,,198_1,,,,1,,
SpringOatPeaIntercrop_2024_NY_198_subplot_2,713522,4,198,2,99_198,198_2,,,,,,,,,,,,
SpringOatPeaIntercrop_2024_NY_198_subplot_3,713524,4,198,3,99_198,198_3,,,subplot_3,,,,198_3,,,,1,
SpringOatPeaIntercrop_2024_NY_199_subplot_1,714335,4,199,1,100_199,199_1,subplot_1,,,,199_1,,,,1,,,
SpringOatPeaIntercrop_2024_NY_199_subplot_2,714337,4,199,2,100_199,199_2,,,,,,,,,,,,
SpringOatPeaIntercrop_2024_NY_199_subplot_3,714339,4,199,3,100_199,199_3,,,,subplot_3,,,,199_3,,,,1
SpringOatPeaIntercrop_2024_NY_200_subplot_1,714229,4,200,1,100_200,200_1,subplot_1,,,,200_1,,,,1,,,
SpringOatPeaIntercrop_2024_NY_200_subplot_2,714231,4,200,2,100_200,200_2,,,,,,,,,,,,
SpringOatPeaIntercrop_2024_NY_200_subplot_3,714233,4,200,3,100_200,200_3,,,,subplot_3,,,,200_3,,,,1