subplot_name,subplot_id,plot_name,accession_name,plot_number,block_number,is_a_control,rep_number,row_number,col_number,subplot_number,Plant Height (Text),Pea Plant Height (Text)
SpringOatPeaIntercrop_2024_NY_1_subplot_1,714086,SpringOatPeaIntercrop_2024_NY_1,EXCEL,1,1,,1,,,1,24,0
SpringOatPeaIntercrop_2024_NY_1_subplot_2,714087,SpringOatPeaIntercrop_2024_NY_1,EXCEL,1,1,,1,,,2,28,0
SpringOatPeaIntercrop_2024_NY_1_subplot_3,714088,SpringOatPeaIntercrop_2024_NY_1,EXCEL,1,1,,1,,,3,21,0
SpringOatPeaIntercrop_2024_NY_2_subplot_1,714002,SpringOatPeaIntercrop_2024_NY_2,EXCEL,2,1,,1,,,1,30,16
SpringOatPeaIntercrop_2024_NY_2_subplot_2,714004,SpringOatPeaIntercrop_2024_NY_2,EXCEL,2,1,,1,,,2,26,15
SpringOatPeaIntercrop_2024_NY_2_subplot_3,714006,SpringOatPeaIntercrop_2024_NY_2,EXCEL,2,1,,1,,,3,24,12
SpringOatPeaIntercrop_2024_NY_3_subplot_1,714187,SpringOatPeaIntercrop_2024_NY_3,IL17-1704,3,1,,1,,,1,13,15
SpringOatPeaIntercrop_2024_NY_3_subplot_2,714189,SpringOatPeaIntercrop_2024_NY_3,IL17-1704,3,1,,1,,,2,24,20
SpringOatPeaIntercrop_2024_NY_3_subplot_3,714191,SpringOatPeaIntercrop_2024_NY_3,IL17-1704,3,1,,1,,,3,26,16
SpringOatPeaIntercrop_2024_NY_4_subplot_1,713812,SpringOatPeaIntercrop_2024_NY_4,IL17-1704,4,1,,1,,,1,20,0
SpringOatPeaIntercrop_2024_NY_4_subplot_2,713814,SpringOatPeaIntercrop_2024_NY_4,IL17-1704,4,1,,1,,,2,24,0
SpringOatPeaIntercrop_2024_NY_4_subplot_3,713815,SpringOatPeaIntercrop_2024_NY_4,IL17-1704,4,1,,1,,,3,24,0
SpringOatPeaIntercrop_2024_NY_5_subplot_1,714157,SpringOatPeaIntercrop_2024_NY_5,IL17-1253,5,1,,1,,,1,29,0
SpringOatPeaIntercrop_2024_NY_5_subplot_2,714159,SpringOatPeaIntercrop_2024_NY_5,IL17-1253,5,1,,1,,,2,24,0
SpringOatPeaIntercrop_2024_NY_5_subplot_3,714161,SpringOatPeaIntercrop_2024_NY_5,IL17-1253,5,1,,1,,,3,30,0
SpringOatPeaIntercrop_2024_NY_6_subplot_1,714270,SpringOatPeaIntercrop_2024_NY_6,IL17-1253,6,1,,1,,,1,25,16
SpringOatPeaIntercrop_2024_NY_6_subplot_2,714272,SpringOatPeaIntercrop_2024_NY_6,IL17-1253,6,1,,1,,,2,28,15
SpringOatPeaIntercrop_2024_NY_6_subplot_3,714274,SpringOatPeaIntercrop_2024_NY_6,IL17-1253,6,1,,1,,,3,22,13
SpringOatPeaIntercrop_2024_NY_7_subplot_1,714578,SpringOatPeaIntercrop_2024_NY_7,WARRIOR,7,1,,1,,,1,27,0
SpringOatPeaIntercrop_2024_NY_7_subplot_2,714580,SpringOatPeaIntercrop_2024_NY_7,WARRIOR,7,1,,1,,,2,23,0
SpringOatPeaIntercrop_2024_NY_7_subplot_3,714582,SpringOatPeaIntercrop_2024_NY_7,WARRIOR,7,1,,1,,,3,26,0
SpringOatPeaIntercrop_2024_NY_8_subplot_1,714414,SpringOatPeaIntercrop_2024_NY_8,WARRIOR,8,1,,1,,,1,24,8
SpringOatPeaIntercrop_2024_NY_8_subplot_2,714416,SpringOatPeaIntercrop_2024_NY_8,WARRIOR,8,1,,1,,,2,24,20
SpringOatPeaIntercrop_2024_NY_8_subplot_3,714418,SpringOatPeaIntercrop_2024_NY_8,WARRIOR,8,1,,1,,,3,19,14
SpringOatPeaIntercrop_2024_NY_9_subplot_1,714329,SpringOatPeaIntercrop_2024_NY_9,SD180580,9,1,,1,,,1,19,15
SpringOatPeaIntercrop_2024_NY_9_subplot_2,714331,SpringOatPeaIntercrop_2024_NY_9,SD180580,9,1,,1,,,2,23,10
SpringOatPeaIntercrop_2024_NY_9_subplot_3,714333,SpringOatPeaIntercrop_2024_NY_9,SD180580,9,1,,1,,,3,26,16
SpringOatPeaIntercrop_2024_NY_10_subplot_1,714047,SpringOatPeaIntercrop_2024_NY_10,SD180580,10,1,,1,,,1,24,0
SpringOatPeaIntercrop_2024_NY_10_subplot_2,714048,SpringOatPeaIntercrop_2024_NY_10,SD180580,10,1,,1,,,2,26,0
SpringOatPeaIntercrop_2024_NY_10_subplot_3,714049,SpringOatPeaIntercrop_2024_NY_10,SD180580,10,1,,1,,,3,23,0
SpringOatPeaIntercrop_2024_NY_11_subplot_1,714068,SpringOatPeaIntercrop_2024_NY_11,WI_X10710-7,11,1,,1,,,1,25,0
SpringOatPeaIntercrop_2024_NY_11_subplot_2,714069,SpringOatPeaIntercrop_2024_NY_11,WI_X10710-7,11,1,,1,,,2,32,0
SpringOatPeaIntercrop_2024_NY_11_subplot_3,714070,SpringOatPeaIntercrop_2024_NY_11,WI_X10710-7,11,1,,1,,,3,25,0
SpringOatPeaIntercrop_2024_NY_12_subplot_1,713672,SpringOatPeaIntercrop_2024_NY_12,WI_X10710-7,12,1,,1,,,1,24,16
SpringOatPeaIntercrop_2024_NY_12_subplot_2,713674,SpringOatPeaIntercrop_2024_NY_12,WI_X10710-7,12,1,,1,,,2,30,22
SpringOatPeaIntercrop_2024_NY_12_subplot_3,713676,SpringOatPeaIntercrop_2024_NY_12,WI_X10710-7,12,1,,1,,,3,29,18
SpringOatPeaIntercrop_2024_NY_13_subplot_1,714531,SpringOatPeaIntercrop_2024_NY_13,SD181237,13,1,,1,,,1,26,0
SpringOatPeaIntercrop_2024_NY_13_subplot_2,714533,SpringOatPeaIntercrop_2024_NY_13,SD181237,13,1,,1,,,2,27,0
SpringOatPeaIntercrop_2024_NY_13_subplot_3,714535,SpringOatPeaIntercrop_2024_NY_13,SD181237,13,1,,1,,,3,29,0
SpringOatPeaIntercrop_2024_NY_14_subplot_1,714107,SpringOatPeaIntercrop_2024_NY_14,SD181237,14,1,,1,,,1,28,19
SpringOatPeaIntercrop_2024_NY_14_subplot_2,714108,SpringOatPeaIntercrop_2024_NY_14,SD181237,14,1,,1,,,2,27,23
SpringOatPeaIntercrop_2024_NY_14_subplot_3,714109,SpringOatPeaIntercrop_2024_NY_14,SD181237,14,1,,1,,,3,27,21
SpringOatPeaIntercrop_2024_NY_15_subplot_1,713737,SpringOatPeaIntercrop_2024_NY_15,MN18015X_004,15,1,,1,,,1,28,0
SpringOatPeaIntercrop_2024_NY_15_subplot_2,713739,SpringOatPeaIntercrop_2024_NY_15,MN18015X_004,15,1,,1,,,2,29,0
SpringOatPeaIntercrop_2024_NY_15_subplot_3,713741,SpringOatPeaIntercrop_2024_NY_15,MN18015X_004,15,1,,1,,,3,22,0
SpringOatPeaIntercrop_2024_NY_16_subplot_1,714125,SpringOatPeaIntercrop_2024_NY_16,MN18015X_004,16,1,,1,,,1,24,0
SpringOatPeaIntercrop_2024_NY_16_subplot_2,714126,SpringOatPeaIntercrop_2024_NY_16,MN18015X_004,16,1,,1,,,2,32,0
SpringOatPeaIntercrop_2024_NY_16_subplot_3,714127,SpringOatPeaIntercrop_2024_NY_16,MN18015X_004,16,1,,1,,,3,26,0
SpringOatPeaIntercrop_2024_NY_17_subplot_1,714341,SpringOatPeaIntercrop_2024_NY_17,COLT,17,1,,1,,,1,30,20
SpringOatPeaIntercrop_2024_NY_17_subplot_2,714343,SpringOatPeaIntercrop_2024_NY_17,COLT,17,1,,1,,,2,26,18
SpringOatPeaIntercrop_2024_NY_17_subplot_3,714345,SpringOatPeaIntercrop_2024_NY_17,COLT,17,1,,1,,,3,22,14
SpringOatPeaIntercrop_2024_NY_18_subplot_1,713692,SpringOatPeaIntercrop_2024_NY_18,COLT,18,1,,1,,,1,23,0
SpringOatPeaIntercrop_2024_NY_18_subplot_2,713694,SpringOatPeaIntercrop_2024_NY_18,COLT,18,1,,1,,,2,29,0
SpringOatPeaIntercrop_2024_NY_18_subplot_3,713696,SpringOatPeaIntercrop_2024_NY_18,COLT,18,1,,1,,,3,29,0
SpringOatPeaIntercrop_2024_NY_19_subplot_1,714175,SpringOatPeaIntercrop_2024_NY_19,A25,19,1,,1,,,1,33,17
SpringOatPeaIntercrop_2024_NY_19_subplot_2,714177,SpringOatPeaIntercrop_2024_NY_19,A25,19,1,,1,,,2,29,20
SpringOatPeaIntercrop_2024_NY_19_subplot_3,714179,SpringOatPeaIntercrop_2024_NY_19,A25,19,1,,1,,,3,23,15
SpringOatPeaIntercrop_2024_NY_20_subplot_1,713931,SpringOatPeaIntercrop_2024_NY_20,A25,20,1,,1,,,1,27,0
SpringOatPeaIntercrop_2024_NY_20_subplot_2,713933,SpringOatPeaIntercrop_2024_NY_20,A25,20,1,,1,,,2,28,0
SpringOatPeaIntercrop_2024_NY_20_subplot_3,713935,SpringOatPeaIntercrop_2024_NY_20,A25,20,1,,1,,,3,29,0
SpringOatPeaIntercrop_2024_NY_21_subplot_1,713955,SpringOatPeaIntercrop_2024_NY_21,SD181245,21,1,1,1,,,1,27,0
SpringOatPeaIntercrop_2024_NY_21_subplot_2,713957,SpringOatPeaIntercrop_2024_NY_21,SD181245,21,1,1,1,,,2,25,0
SpringOatPeaIntercrop_2024_NY_21_subplot_3,713959,SpringOatPeaIntercrop_2024_NY_21,SD181245,21,1,1,1,,,3,34,0
SpringOatPeaIntercrop_2024_NY_22_subplot_1,714317,SpringOatPeaIntercrop_2024_NY_22,SD181245,22,1,1,1,,,1,26,0
SpringOatPeaIntercrop_2024_NY_22_subplot_2,714319,SpringOatPeaIntercrop_2024_NY_22,SD181245,22,1,1,1,,,2,28,0
SpringOatPeaIntercrop_2024_NY_22_subplot_3,714321,SpringOatPeaIntercrop_2024_NY_22,SD181245,22,1,1,1,,,3,31,0
SpringOatPeaIntercrop_2024_NY_23_subplot_1,713577,SpringOatPeaIntercrop_2024_NY_23,HAYDEN,23,1,,1,,,1,26,0
SpringOatPeaIntercrop_2024_NY_23_subplot_2,713579,SpringOatPeaIntercrop_2024_NY_23,HAYDEN,23,1,,1,,,2,24,0
SpringOatPeaIntercrop_2024_NY_23_subplot_3,713581,SpringOatPeaIntercrop_2024_NY_23,HAYDEN,23,1,,1,,,3,25,0
SpringOatPeaIntercrop_2024_NY_24_subplot_1,714029,SpringOatPeaIntercrop_2024_NY_24,HAYDEN,24,1,,1,,,1,24,9
SpringOatPeaIntercrop_2024_NY_24_subplot_2,714030,SpringOatPeaIntercrop_2024_NY_24,HAYDEN,24,1,,1,,,2,23,12
SpringOatPeaIntercrop_2024_NY_24_subplot_3,714031,SpringOatPeaIntercrop_2024_NY_24,HAYDEN,24,1,,1,,,3,21,9
SpringOatPeaIntercrop_2024_NY_25_subplot_1,714116,SpringOatPeaIntercrop_2024_NY_25,SABER,25,1,,1,,,1,24,11
SpringOatPeaIntercrop_2024_NY_25_subplot_2,714117,SpringOatPeaIntercrop_2024_NY_25,SABER,25,1,,1,,,2,23,12
SpringOatPeaIntercrop_2024_NY_25_subplot_3,714118,SpringOatPeaIntercrop_2024_NY_25,SABER,25,1,,1,,,3,28,18
SpringOatPeaIntercrop_2024_NY_26_subplot_1,713769,SpringOatPeaIntercrop_2024_NY_26,SABER,26,1,,1,,,1,22,0
SpringOatPeaIntercrop_2024_NY_26_subplot_2,713771,SpringOatPeaIntercrop_2024_NY_26,SABER,26,1,,1,,,2,26,0
SpringOatPeaIntercrop_2024_NY_26_subplot_3,713773,SpringOatPeaIntercrop_2024_NY_26,SABER,26,1,,1,,,3,24,0
SpringOatPeaIntercrop_2024_NY_27_subplot_1,713679,SpringOatPeaIntercrop_2024_NY_27,LEGGETT,27,1,,1,,,1,24,0
SpringOatPeaIntercrop_2024_NY_27_subplot_2,713681,SpringOatPeaIntercrop_2024_NY_27,LEGGETT,27,1,,1,,,2,23,0
SpringOatPeaIntercrop_2024_NY_27_subplot_3,713683,SpringOatPeaIntercrop_2024_NY_27,LEGGETT,27,1,,1,,,3,26,0
SpringOatPeaIntercrop_2024_NY_28_subplot_1,714372,SpringOatPeaIntercrop_2024_NY_28,LEGGETT,28,1,,1,,,1,21,17
SpringOatPeaIntercrop_2024_NY_28_subplot_2,714374,SpringOatPeaIntercrop_2024_NY_28,LEGGETT,28,1,,1,,,2,29,22
SpringOatPeaIntercrop_2024_NY_28_subplot_3,714376,SpringOatPeaIntercrop_2024_NY_28,LEGGETT,28,1,,1,,,3,24,13
SpringOatPeaIntercrop_2024_NY_29_subplot_1,713799,SpringOatPeaIntercrop_2024_NY_29,BUCKSKIN,29,1,,1,,,1,18,12
SpringOatPeaIntercrop_2024_NY_29_subplot_2,713801,SpringOatPeaIntercrop_2024_NY_29,BUCKSKIN,29,1,,1,,,2,29,15
SpringOatPeaIntercrop_2024_NY_29_subplot_3,713803,SpringOatPeaIntercrop_2024_NY_29,BUCKSKIN,29,1,,1,,,3,31,23
SpringOatPeaIntercrop_2024_NY_30_subplot_1,714205,SpringOatPeaIntercrop_2024_NY_30,BUCKSKIN,30,1,,1,,,1,28,0
SpringOatPeaIntercrop_2024_NY_30_subplot_2,714207,SpringOatPeaIntercrop_2024_NY_30,BUCKSKIN,30,1,,1,,,2,30,0
SpringOatPeaIntercrop_2024_NY_30_subplot_3,714209,SpringOatPeaIntercrop_2024_NY_30,BUCKSKIN,30,1,,1,,,3,24,0
SpringOatPeaIntercrop_2024_NY_31_subplot_1,714181,SpringOatPeaIntercrop_2024_NY_31,RUSHMORE,31,1,,1,,,1,22,15
SpringOatPeaIntercrop_2024_NY_31_subplot_2,714183,SpringOatPeaIntercrop_2024_NY_31,RUSHMORE,31,1,,1,,,2,24,14
SpringOatPeaIntercrop_2024_NY_31_subplot_3,714185,SpringOatPeaIntercrop_2024_NY_31,RUSHMORE,31,1,,1,,,3,21,17
SpringOatPeaIntercrop_2024_NY_32_subplot_1,713564,SpringOatPeaIntercrop_2024_NY_32,RUSHMORE,32,1,,1,,,1,25,0
SpringOatPeaIntercrop_2024_NY_32_subplot_2,713566,SpringOatPeaIntercrop_2024_NY_32,RUSHMORE,32,1,,1,,,2,25,0
SpringOatPeaIntercrop_2024_NY_32_subplot_3,713568,SpringOatPeaIntercrop_2024_NY_32,RUSHMORE,32,1,,1,,,3,27,0
SpringOatPeaIntercrop_2024_NY_33_subplot_1,714247,SpringOatPeaIntercrop_2024_NY_33,SADDLE,33,1,,1,,,1,25,0
SpringOatPeaIntercrop_2024_NY_33_subplot_2,714249,SpringOatPeaIntercrop_2024_NY_33,SADDLE,33,1,,1,,,2,24,0
SpringOatPeaIntercrop_2024_NY_33_subplot_3,714251,SpringOatPeaIntercrop_2024_NY_33,SADDLE,33,1,,1,,,3,20,0
SpringOatPeaIntercrop_2024_NY_34_subplot_1,714151,SpringOatPeaIntercrop_2024_NY_34,SADDLE,34,1,,1,,,1,26,23
SpringOatPeaIntercrop_2024_NY_34_subplot_2,714153,SpringOatPeaIntercrop_2024_NY_34,SADDLE,34,1,,1,,,2,23,16
SpringOatPeaIntercrop_2024_NY_34_subplot_3,714155,SpringOatPeaIntercrop_2024_NY_34,SADDLE,34,1,,1,,,3,26,20
SpringOatPeaIntercrop_2024_NY_35_subplot_1,714019,SpringOatPeaIntercrop_2024_NY_35,SD191467,35,1,,1,,,1,27,0
SpringOatPeaIntercrop_2024_NY_35_subplot_2,714021,SpringOatPeaIntercrop_2024_NY_35,SD191467,35,1,,1,,,2,25,0
SpringOatPeaIntercrop_2024_NY_35_subplot_3,714022,SpringOatPeaIntercrop_2024_NY_35,SD191467,35,1,,1,,,3,25,0
SpringOatPeaIntercrop_2024_NY_36_subplot_1,714098,SpringOatPeaIntercrop_2024_NY_36,SD191467,36,1,,1,,,1,22,16
SpringOatPeaIntercrop_2024_NY_36_subplot_2,714099,SpringOatPeaIntercrop_2024_NY_36,SD191467,36,1,,1,,,2,31,16
SpringOatPeaIntercrop_2024_NY_36_subplot_3,714100,SpringOatPeaIntercrop_2024_NY_36,SD191467,36,1,,1,,,3,27,22
SpringOatPeaIntercrop_2024_NY_37_subplot_1,714478,SpringOatPeaIntercrop_2024_NY_37,OT3120,37,1,,1,,,1,24,0
SpringOatPeaIntercrop_2024_NY_37_subplot_2,714480,SpringOatPeaIntercrop_2024_NY_37,OT3120,37,1,,1,,,2,25,0
SpringOatPeaIntercrop_2024_NY_37_subplot_3,714482,SpringOatPeaIntercrop_2024_NY_37,OT3120,37,1,,1,,,3,24,0
SpringOatPeaIntercrop_2024_NY_38_subplot_1,713538,SpringOatPeaIntercrop_2024_NY_38,OT3120,38,1,,1,,,1,23,13
SpringOatPeaIntercrop_2024_NY_38_subplot_2,713540,SpringOatPeaIntercrop_2024_NY_38,OT3120,38,1,,1,,,2,24,15
SpringOatPeaIntercrop_2024_NY_38_subplot_3,713542,SpringOatPeaIntercrop_2024_NY_38,OT3120,38,1,,1,,,3,26,23
SpringOatPeaIntercrop_2024_NY_39_subplot_1,714113,SpringOatPeaIntercrop_2024_NY_39,CORRAL,39,1,,1,,,1,26,0
SpringOatPeaIntercrop_2024_NY_39_subplot_2,714114,SpringOatPeaIntercrop_2024_NY_39,CORRAL,39,1,,1,,,2,24,0
SpringOatPeaIntercrop_2024_NY_39_subplot_3,714115,SpringOatPeaIntercrop_2024_NY_39,CORRAL,39,1,,1,,,3,18,0
SpringOatPeaIntercrop_2024_NY_40_subplot_1,713842,SpringOatPeaIntercrop_2024_NY_40,CORRAL,40,1,,1,,,1,25,13
SpringOatPeaIntercrop_2024_NY_40_subplot_2,713844,SpringOatPeaIntercrop_2024_NY_40,CORRAL,40,1,,1,,,2,25,9
SpringOatPeaIntercrop_2024_NY_40_subplot_3,713845,SpringOatPeaIntercrop_2024_NY_40,CORRAL,40,1,,1,,,3,22,12
SpringOatPeaIntercrop_2024_NY_41_subplot_1,713829,SpringOatPeaIntercrop_2024_NY_41,IL17-5238,41,1,,1,,,1,25,11
SpringOatPeaIntercrop_2024_NY_41_subplot_2,713831,SpringOatPeaIntercrop_2024_NY_41,IL17-5238,41,1,,1,,,2,28,11
SpringOatPeaIntercrop_2024_NY_41_subplot_3,713833,SpringOatPeaIntercrop_2024_NY_41,IL17-5238,41,1,,1,,,3,26,17
SpringOatPeaIntercrop_2024_NY_42_subplot_1,714502,SpringOatPeaIntercrop_2024_NY_42,IL17-5238,42,1,,1,,,1,22,0
SpringOatPeaIntercrop_2024_NY_42_subplot_2,714504,SpringOatPeaIntercrop_2024_NY_42,IL17-5238,42,1,,1,,,2,27,0
SpringOatPeaIntercrop_2024_NY_42_subplot_3,714506,SpringOatPeaIntercrop_2024_NY_42,IL17-5238,42,1,,1,,,3,29,0
SpringOatPeaIntercrop_2024_NY_43_subplot_1,713614,SpringOatPeaIntercrop_2024_NY_43,ND170307,43,1,,1,,,1,27,22
SpringOatPeaIntercrop_2024_NY_43_subplot_2,713616,SpringOatPeaIntercrop_2024_NY_43,ND170307,43,1,,1,,,2,29,18
SpringOatPeaIntercrop_2024_NY_43_subplot_3,713618,SpringOatPeaIntercrop_2024_NY_43,ND170307,43,1,,1,,,3,27,12
SpringOatPeaIntercrop_2024_NY_44_subplot_1,713750,SpringOatPeaIntercrop_2024_NY_44,ND170307,44,1,,1,,,1,23,0
SpringOatPeaIntercrop_2024_NY_44_subplot_2,713752,SpringOatPeaIntercrop_2024_NY_44,ND170307,44,1,,1,,,2,26,0
SpringOatPeaIntercrop_2024_NY_44_subplot_3,713754,SpringOatPeaIntercrop_2024_NY_44,ND170307,44,1,,1,,,3,23,0
SpringOatPeaIntercrop_2024_NY_45_subplot_1,714101,SpringOatPeaIntercrop_2024_NY_45,MN18038X_008,45,1,,1,,,1,20,17
SpringOatPeaIntercrop_2024_NY_45_subplot_2,714102,SpringOatPeaIntercrop_2024_NY_45,MN18038X_008,45,1,,1,,,2,29,16
SpringOatPeaIntercrop_2024_NY_45_subplot_3,714103,SpringOatPeaIntercrop_2024_NY_45,MN18038X_008,45,1,,1,,,3,28,18
SpringOatPeaIntercrop_2024_NY_46_subplot_1,714035,SpringOatPeaIntercrop_2024_NY_46,MN18038X_008,46,1,,1,,,1,28,0
SpringOatPeaIntercrop_2024_NY_46_subplot_2,714036,SpringOatPeaIntercrop_2024_NY_46,MN18038X_008,46,1,,1,,,2,30,0
SpringOatPeaIntercrop_2024_NY_46_subplot_3,714037,SpringOatPeaIntercrop_2024_NY_46,MN18038X_008,46,1,,1,,,3,22,0
SpringOatPeaIntercrop_2024_NY_47_subplot_1,713544,SpringOatPeaIntercrop_2024_NY_47,GOLIATH,47,1,,1,,,1,27,13
SpringOatPeaIntercrop_2024_NY_47_subplot_2,713546,SpringOatPeaIntercrop_2024_NY_47,GOLIATH,47,1,,1,,,2,21,12
SpringOatPeaIntercrop_2024_NY_47_subplot_3,713548,SpringOatPeaIntercrop_2024_NY_47,GOLIATH,47,1,,1,,,3,25,13
SpringOatPeaIntercrop_2024_NY_48_subplot_1,714496,SpringOatPeaIntercrop_2024_NY_48,GOLIATH,48,1,,1,,,1,28,0
SpringOatPeaIntercrop_2024_NY_48_subplot_2,714498,SpringOatPeaIntercrop_2024_NY_48,GOLIATH,48,1,,1,,,2,32,0
SpringOatPeaIntercrop_2024_NY_48_subplot_3,714500,SpringOatPeaIntercrop_2024_NY_48,GOLIATH,48,1,,1,,,3,22,0
SpringOatPeaIntercrop_2024_NY_49_subplot_1,714026,SpringOatPeaIntercrop_2024_NY_49,ND161488,49,1,,1,,,1,28,18
SpringOatPeaIntercrop_2024_NY_49_subplot_2,714027,SpringOatPeaIntercrop_2024_NY_49,ND161488,49,1,,1,,,2,32,18
SpringOatPeaIntercrop_2024_NY_49_subplot_3,714028,SpringOatPeaIntercrop_2024_NY_49,ND161488,49,1,,1,,,3,26,17
SpringOatPeaIntercrop_2024_NY_50_subplot_1,714241,SpringOatPeaIntercrop_2024_NY_50,ND161488,50,1,,1,,,1,23,0
SpringOatPeaIntercrop_2024_NY_50_subplot_2,714243,SpringOatPeaIntercrop_2024_NY_50,ND161488,50,1,,1,,,2,25,0
SpringOatPeaIntercrop_2024_NY_50_subplot_3,714245,SpringOatPeaIntercrop_2024_NY_50,ND161488,50,1,,1,,,3,21,0
SpringOatPeaIntercrop_2024_NY_51_subplot_1,714119,SpringOatPeaIntercrop_2024_NY_51,SD190850,51,2,,1,,,1,26,14
SpringOatPeaIntercrop_2024_NY_51_subplot_2,714120,SpringOatPeaIntercrop_2024_NY_51,SD190850,51,2,,1,,,2,23,8
SpringOatPeaIntercrop_2024_NY_51_subplot_3,714121,SpringOatPeaIntercrop_2024_NY_51,SD190850,51,2,,1,,,3,21,11
SpringOatPeaIntercrop_2024_NY_52_subplot_1,713590,SpringOatPeaIntercrop_2024_NY_52,SD190850,52,2,,1,,,1,18,0
SpringOatPeaIntercrop_2024_NY_52_subplot_2,713592,SpringOatPeaIntercrop_2024_NY_52,SD190850,52,2,,1,,,2,22,0
SpringOatPeaIntercrop_2024_NY_52_subplot_3,713594,SpringOatPeaIntercrop_2024_NY_52,SD190850,52,2,,1,,,3,22,0
SpringOatPeaIntercrop_2024_NY_53_subplot_1,714288,SpringOatPeaIntercrop_2024_NY_53,ND170307,53,2,,1,,,1,28,0
SpringOatPeaIntercrop_2024_NY_53_subplot_2,714290,SpringOatPeaIntercrop_2024_NY_53,ND170307,53,2,,1,,,2,19,0
SpringOatPeaIntercrop_2024_NY_53_subplot_3,714292,SpringOatPeaIntercrop_2024_NY_53,ND170307,53,2,,1,,,3,24,0
SpringOatPeaIntercrop_2024_NY_54_subplot_1,714199,SpringOatPeaIntercrop_2024_NY_54,ND170307,54,2,,1,,,1,26,11
SpringOatPeaIntercrop_2024_NY_54_subplot_2,714201,SpringOatPeaIntercrop_2024_NY_54,ND170307,54,2,,1,,,2,32,9
SpringOatPeaIntercrop_2024_NY_54_subplot_3,714203,SpringOatPeaIntercrop_2024_NY_54,ND170307,54,2,,1,,,3,30,11
SpringOatPeaIntercrop_2024_NY_55_subplot_1,713978,SpringOatPeaIntercrop_2024_NY_55,SADDLE,55,2,,1,,,1,26,5
SpringOatPeaIntercrop_2024_NY_55_subplot_2,713980,SpringOatPeaIntercrop_2024_NY_55,SADDLE,55,2,,1,,,2,27,11
SpringOatPeaIntercrop_2024_NY_55_subplot_3,713982,SpringOatPeaIntercrop_2024_NY_55,SADDLE,55,2,,1,,,3,30,17
SpringOatPeaIntercrop_2024_NY_56_subplot_1,714065,SpringOatPeaIntercrop_2024_NY_56,SADDLE,56,2,,1,,,1,28,0
SpringOatPeaIntercrop_2024_NY_56_subplot_2,714066,SpringOatPeaIntercrop_2024_NY_56,SADDLE,56,2,,1,,,2,29,0
SpringOatPeaIntercrop_2024_NY_56_subplot_3,714067,SpringOatPeaIntercrop_2024_NY_56,SADDLE,56,2,,1,,,3,26,0
SpringOatPeaIntercrop_2024_NY_57_subplot_1,714443,SpringOatPeaIntercrop_2024_NY_57,NEWBURG,57,2,,1,,,1,26,0
SpringOatPeaIntercrop_2024_NY_57_subplot_2,714445,SpringOatPeaIntercrop_2024_NY_57,NEWBURG,57,2,,1,,,2,24,0
SpringOatPeaIntercrop_2024_NY_57_subplot_3,714447,SpringOatPeaIntercrop_2024_NY_57,NEWBURG,57,2,,1,,,3,24,0
SpringOatPeaIntercrop_2024_NY_58_subplot_1,713503,SpringOatPeaIntercrop_2024_NY_58,NEWBURG,58,2,,1,,,1,21,12
SpringOatPeaIntercrop_2024_NY_58_subplot_2,713505,SpringOatPeaIntercrop_2024_NY_58,NEWBURG,58,2,,1,,,2,28,13
SpringOatPeaIntercrop_2024_NY_58_subplot_3,713507,SpringOatPeaIntercrop_2024_NY_58,NEWBURG,58,2,,1,,,3,24,16
SpringOatPeaIntercrop_2024_NY_59_subplot_1,714083,SpringOatPeaIntercrop_2024_NY_59,DEON,59,2,,1,,,1,31,0
SpringOatPeaIntercrop_2024_NY_59_subplot_2,714084,SpringOatPeaIntercrop_2024_NY_59,DEON,59,2,,1,,,2,23,0
SpringOatPeaIntercrop_2024_NY_59_subplot_3,714085,SpringOatPeaIntercrop_2024_NY_59,DEON,59,2,,1,,,3,18,0
SpringOatPeaIntercrop_2024_NY_60_subplot_1,714347,SpringOatPeaIntercrop_2024_NY_60,DEON,60,2,,1,,,1,23,14
SpringOatPeaIntercrop_2024_NY_60_subplot_2,714349,SpringOatPeaIntercrop_2024_NY_60,DEON,60,2,,1,,,2,29,11
SpringOatPeaIntercrop_2024_NY_60_subplot_3,714351,SpringOatPeaIntercrop_2024_NY_60,DEON,60,2,,1,,,3,31,22
SpringOatPeaIntercrop_2024_NY_61_subplot_1,714323,SpringOatPeaIntercrop_2024_NY_61,ESKER,61,2,,1,,,1,32,0
SpringOatPeaIntercrop_2024_NY_61_subplot_2,714325,SpringOatPeaIntercrop_2024_NY_61,ESKER,61,2,,1,,,2,31,0
SpringOatPeaIntercrop_2024_NY_61_subplot_3,714327,SpringOatPeaIntercrop_2024_NY_61,ESKER,61,2,,1,,,3,27,0
SpringOatPeaIntercrop_2024_NY_62_subplot_1,713961,SpringOatPeaIntercrop_2024_NY_62,ESKER,62,2,,1,,,1,33,21
SpringOatPeaIntercrop_2024_NY_62_subplot_2,713963,SpringOatPeaIntercrop_2024_NY_62,ESKER,62,2,,1,,,2,31,21
SpringOatPeaIntercrop_2024_NY_62_subplot_3,713965,SpringOatPeaIntercrop_2024_NY_62,ESKER,62,2,,1,,,3,29,10
SpringOatPeaIntercrop_2024_NY_63_subplot_1,714145,SpringOatPeaIntercrop_2024_NY_63,REINS,63,2,,1,,,1,23,0
SpringOatPeaIntercrop_2024_NY_63_subplot_2,714147,SpringOatPeaIntercrop_2024_NY_63,REINS,63,2,,1,,,2,30,0
SpringOatPeaIntercrop_2024_NY_63_subplot_3,714149,SpringOatPeaIntercrop_2024_NY_63,REINS,63,2,,1,,,3,31,0
SpringOatPeaIntercrop_2024_NY_64_subplot_1,714252,SpringOatPeaIntercrop_2024_NY_64,REINS,64,2,,1,,,1,25,13
SpringOatPeaIntercrop_2024_NY_64_subplot_2,714254,SpringOatPeaIntercrop_2024_NY_64,REINS,64,2,,1,,,2,33,15
SpringOatPeaIntercrop_2024_NY_64_subplot_3,714256,SpringOatPeaIntercrop_2024_NY_64,REINS,64,2,,1,,,3,21,12
SpringOatPeaIntercrop_2024_NY_65_subplot_1,713602,SpringOatPeaIntercrop_2024_NY_65,GOLIATH,65,2,,1,,,1,26,15
SpringOatPeaIntercrop_2024_NY_65_subplot_2,713604,SpringOatPeaIntercrop_2024_NY_65,GOLIATH,65,2,,1,,,2,35,19
SpringOatPeaIntercrop_2024_NY_65_subplot_3,713606,SpringOatPeaIntercrop_2024_NY_65,GOLIATH,65,2,,1,,,3,30,16
SpringOatPeaIntercrop_2024_NY_66_subplot_1,714584,SpringOatPeaIntercrop_2024_NY_66,GOLIATH,66,2,,1,,,1,27,0
SpringOatPeaIntercrop_2024_NY_66_subplot_2,714586,SpringOatPeaIntercrop_2024_NY_66,GOLIATH,66,2,,1,,,2,32,0
SpringOatPeaIntercrop_2024_NY_66_subplot_3,714588,SpringOatPeaIntercrop_2024_NY_66,GOLIATH,66,2,,1,,,3,25,0
SpringOatPeaIntercrop_2024_NY_67_subplot_1,714050,SpringOatPeaIntercrop_2024_NY_67,SD181377,67,2,,1,,,1,26,15
SpringOatPeaIntercrop_2024_NY_67_subplot_2,714051,SpringOatPeaIntercrop_2024_NY_67,SD181377,67,2,,1,,,2,29,19
SpringOatPeaIntercrop_2024_NY_67_subplot_3,714052,SpringOatPeaIntercrop_2024_NY_67,SD181377,67,2,,1,,,3,33,21
SpringOatPeaIntercrop_2024_NY_68_subplot_1,713937,SpringOatPeaIntercrop_2024_NY_68,SD181377,68,2,,1,,,1,25,0
SpringOatPeaIntercrop_2024_NY_68_subplot_2,713939,SpringOatPeaIntercrop_2024_NY_68,SD181377,68,2,,1,,,2,25,0
SpringOatPeaIntercrop_2024_NY_68_subplot_3,713941,SpringOatPeaIntercrop_2024_NY_68,SD181377,68,2,,1,,,3,27,0
SpringOatPeaIntercrop_2024_NY_69_subplot_1,714555,SpringOatPeaIntercrop_2024_NY_69,BAKER,69,2,,1,,,1,28,15
SpringOatPeaIntercrop_2024_NY_69_subplot_2,714557,SpringOatPeaIntercrop_2024_NY_69,BAKER,69,2,,1,,,2,33,18
SpringOatPeaIntercrop_2024_NY_69_subplot_3,714559,SpringOatPeaIntercrop_2024_NY_69,BAKER,69,2,,1,,,3,26,20
SpringOatPeaIntercrop_2024_NY_70_subplot_1,714461,SpringOatPeaIntercrop_2024_NY_70,BAKER,70,2,,1,,,1,26,0
SpringOatPeaIntercrop_2024_NY_70_subplot_2,714462,SpringOatPeaIntercrop_2024_NY_70,BAKER,70,2,,1,,,2,26,0
SpringOatPeaIntercrop_2024_NY_70_subplot_3,714464,SpringOatPeaIntercrop_2024_NY_70,BAKER,70,2,,1,,,3,26,0
SpringOatPeaIntercrop_2024_NY_71_subplot_1,714543,SpringOatPeaIntercrop_2024_NY_71,IL15-5752,71,2,,1,,,1,30,15
SpringOatPeaIntercrop_2024_NY_71_subplot_2,714545,SpringOatPeaIntercrop_2024_NY_71,IL15-5752,71,2,,1,,,2,28,14
SpringOatPeaIntercrop_2024_NY_71_subplot_3,714547,SpringOatPeaIntercrop_2024_NY_71,IL15-5752,71,2,,1,,,3,21,15
SpringOatPeaIntercrop_2024_NY_72_subplot_1,713781,SpringOatPeaIntercrop_2024_NY_72,IL15-5752,72,2,,1,,,1,26,0
SpringOatPeaIntercrop_2024_NY_72_subplot_2,713783,SpringOatPeaIntercrop_2024_NY_72,IL15-5752,72,2,,1,,,2,27,0
SpringOatPeaIntercrop_2024_NY_72_subplot_3,713785,SpringOatPeaIntercrop_2024_NY_72,IL15-5752,72,2,,1,,,3,26,0
SpringOatPeaIntercrop_2024_NY_73_subplot_1,714074,SpringOatPeaIntercrop_2024_NY_73,HORSEPOWER,73,2,,1,,,1,31,0
SpringOatPeaIntercrop_2024_NY_73_subplot_2,714075,SpringOatPeaIntercrop_2024_NY_73,HORSEPOWER,73,2,,1,,,2,33,0
SpringOatPeaIntercrop_2024_NY_73_subplot_3,714076,SpringOatPeaIntercrop_2024_NY_73,HORSEPOWER,73,2,,1,,,3,29,0
SpringOatPeaIntercrop_2024_NY_74_subplot_1,714519,SpringOatPeaIntercrop_2024_NY_74,HORSEPOWER,74,2,,1,,,1,26,13
SpringOatPeaIntercrop_2024_NY_74_subplot_2,714521,SpringOatPeaIntercrop_2024_NY_74,HORSEPOWER,74,2,,1,,,2,32,10
SpringOatPeaIntercrop_2024_NY_74_subplot_3,714523,SpringOatPeaIntercrop_2024_NY_74,HORSEPOWER,74,2,,1,,,3,33,12
SpringOatPeaIntercrop_2024_NY_75_subplot_1,713646,SpringOatPeaIntercrop_2024_NY_75,ND170376,75,2,,1,,,1,26,0
SpringOatPeaIntercrop_2024_NY_75_subplot_2,713648,SpringOatPeaIntercrop_2024_NY_75,ND170376,75,2,,1,,,2,23,0
SpringOatPeaIntercrop_2024_NY_75_subplot_3,713650,SpringOatPeaIntercrop_2024_NY_75,ND170376,75,2,,1,,,3,21,0
SpringOatPeaIntercrop_2024_NY_76_subplot_1,714282,SpringOatPeaIntercrop_2024_NY_76,ND170376,76,2,,1,,,1,26,19
SpringOatPeaIntercrop_2024_NY_76_subplot_2,714284,SpringOatPeaIntercrop_2024_NY_76,ND170376,76,2,,1,,,2,33,19
SpringOatPeaIntercrop_2024_NY_76_subplot_3,714286,SpringOatPeaIntercrop_2024_NY_76,ND170376,76,2,,1,,,3,25,18
SpringOatPeaIntercrop_2024_NY_77_subplot_1,714211,SpringOatPeaIntercrop_2024_NY_77,OGLE,77,2,1,1,,,1,27,19
SpringOatPeaIntercrop_2024_NY_77_subplot_2,714213,SpringOatPeaIntercrop_2024_NY_77,OGLE,77,2,1,1,,,2,30,12
SpringOatPeaIntercrop_2024_NY_77_subplot_3,714215,SpringOatPeaIntercrop_2024_NY_77,OGLE,77,2,1,1,,,3,30,20
SpringOatPeaIntercrop_2024_NY_78_subplot_1,713865,SpringOatPeaIntercrop_2024_NY_78,OGLE,78,2,1,1,,,1,26,0
SpringOatPeaIntercrop_2024_NY_78_subplot_2,713867,SpringOatPeaIntercrop_2024_NY_78,OGLE,78,2,1,1,,,2,26,0
SpringOatPeaIntercrop_2024_NY_78_subplot_3,713869,SpringOatPeaIntercrop_2024_NY_78,OGLE,78,2,1,1,,,3,30,0
SpringOatPeaIntercrop_2024_NY_79_subplot_1,714311,SpringOatPeaIntercrop_2024_NY_79,OT3120,79,2,,1,,,1,28,15
SpringOatPeaIntercrop_2024_NY_79_subplot_2,714313,SpringOatPeaIntercrop_2024_NY_79,OT3120,79,2,,1,,,2,29,21
SpringOatPeaIntercrop_2024_NY_79_subplot_3,714315,SpringOatPeaIntercrop_2024_NY_79,OT3120,79,2,,1,,,3,26,18
SpringOatPeaIntercrop_2024_NY_80_subplot_1,714537,SpringOatPeaIntercrop_2024_NY_80,OT3120,80,2,,1,,,1,27,0
SpringOatPeaIntercrop_2024_NY_80_subplot_2,714539,SpringOatPeaIntercrop_2024_NY_80,OT3120,80,2,,1,,,2,28,0
SpringOatPeaIntercrop_2024_NY_80_subplot_3,714541,SpringOatPeaIntercrop_2024_NY_80,OT3120,80,2,,1,,,3,26,0
SpringOatPeaIntercrop_2024_NY_81_subplot_1,714466,SpringOatPeaIntercrop_2024_NY_81,SD180580,81,2,,1,,,1,27,0
SpringOatPeaIntercrop_2024_NY_81_subplot_2,714468,SpringOatPeaIntercrop_2024_NY_81,SD180580,81,2,,1,,,2,29,0
SpringOatPeaIntercrop_2024_NY_81_subplot_3,714470,SpringOatPeaIntercrop_2024_NY_81,SD180580,81,2,,1,,,3,26,0
SpringOatPeaIntercrop_2024_NY_82_subplot_1,713871,SpringOatPeaIntercrop_2024_NY_82,SD180580,82,2,,1,,,1,32,15
SpringOatPeaIntercrop_2024_NY_82_subplot_2,713873,SpringOatPeaIntercrop_2024_NY_82,SD180580,82,2,,1,,,2,36,16
SpringOatPeaIntercrop_2024_NY_82_subplot_3,713875,SpringOatPeaIntercrop_2024_NY_82,SD180580,82,2,,1,,,3,24,12
SpringOatPeaIntercrop_2024_NY_83_subplot_1,714053,SpringOatPeaIntercrop_2024_NY_83,EXCEL,83,2,,1,,,1,28,0
SpringOatPeaIntercrop_2024_NY_83_subplot_2,714054,SpringOatPeaIntercrop_2024_NY_83,EXCEL,83,2,,1,,,2,27,0
SpringOatPeaIntercrop_2024_NY_83_subplot_3,714055,SpringOatPeaIntercrop_2024_NY_83,EXCEL,83,2,,1,,,3,28,0
SpringOatPeaIntercrop_2024_NY_84_subplot_1,714472,SpringOatPeaIntercrop_2024_NY_84,EXCEL,84,2,,1,,,1,37,17
SpringOatPeaIntercrop_2024_NY_84_subplot_2,714474,SpringOatPeaIntercrop_2024_NY_84,EXCEL,84,2,,1,,,2,31,15
SpringOatPeaIntercrop_2024_NY_84_subplot_3,714476,SpringOatPeaIntercrop_2024_NY_84,EXCEL,84,2,,1,,,3,27,12
SpringOatPeaIntercrop_2024_NY_85_subplot_1,713711,SpringOatPeaIntercrop_2024_NY_85,GOPHER,85,2,,1,,,1,30,18
SpringOatPeaIntercrop_2024_NY_85_subplot_2,713713,SpringOatPeaIntercrop_2024_NY_85,GOPHER,85,2,,1,,,2,30,20
SpringOatPeaIntercrop_2024_NY_85_subplot_3,713715,SpringOatPeaIntercrop_2024_NY_85,GOPHER,85,2,,1,,,3,29,20
SpringOatPeaIntercrop_2024_NY_86_subplot_1,714396,SpringOatPeaIntercrop_2024_NY_86,GOPHER,86,2,,1,,,1,28,0
SpringOatPeaIntercrop_2024_NY_86_subplot_2,714398,SpringOatPeaIntercrop_2024_NY_86,GOPHER,86,2,,1,,,2,24,0
SpringOatPeaIntercrop_2024_NY_86_subplot_3,714400,SpringOatPeaIntercrop_2024_NY_86,GOPHER,86,2,,1,,,3,27,0
SpringOatPeaIntercrop_2024_NY_87_subplot_1,714140,SpringOatPeaIntercrop_2024_NY_87,IL17-1704,87,2,,1,,,1,27,9
SpringOatPeaIntercrop_2024_NY_87_subplot_2,714142,SpringOatPeaIntercrop_2024_NY_87,IL17-1704,87,2,,1,,,2,28,7
SpringOatPeaIntercrop_2024_NY_87_subplot_3,714143,SpringOatPeaIntercrop_2024_NY_87,IL17-1704,87,2,,1,,,3,26,7
SpringOatPeaIntercrop_2024_NY_88_subplot_1,713806,SpringOatPeaIntercrop_2024_NY_88,IL17-1704,88,2,,1,,,1,28,0
SpringOatPeaIntercrop_2024_NY_88_subplot_2,713808,SpringOatPeaIntercrop_2024_NY_88,IL17-1704,88,2,,1,,,2,23,0
SpringOatPeaIntercrop_2024_NY_88_subplot_3,713809,SpringOatPeaIntercrop_2024_NY_88,IL17-1704,88,2,,1,,,3,29,0
SpringOatPeaIntercrop_2024_NY_89_subplot_1,714365,SpringOatPeaIntercrop_2024_NY_89,SPURS,89,2,,1,,,1,27,0
SpringOatPeaIntercrop_2024_NY_89_subplot_2,714367,SpringOatPeaIntercrop_2024_NY_89,SPURS,89,2,,1,,,2,28,0
SpringOatPeaIntercrop_2024_NY_89_subplot_3,714370,SpringOatPeaIntercrop_2024_NY_89,SPURS,89,2,,1,,,3,29,0
SpringOatPeaIntercrop_2024_NY_90_subplot_1,714402,SpringOatPeaIntercrop_2024_NY_90,SPURS,90,2,,1,,,1,31,21
SpringOatPeaIntercrop_2024_NY_90_subplot_2,714404,SpringOatPeaIntercrop_2024_NY_90,SPURS,90,2,,1,,,2,27,19
SpringOatPeaIntercrop_2024_NY_90_subplot_3,714406,SpringOatPeaIntercrop_2024_NY_90,SPURS,90,2,,1,,,3,27,16
SpringOatPeaIntercrop_2024_NY_91_subplot_1,714264,SpringOatPeaIntercrop_2024_NY_91,OT2130,91,2,,1,,,1,29,0
SpringOatPeaIntercrop_2024_NY_91_subplot_2,714266,SpringOatPeaIntercrop_2024_NY_91,OT2130,91,2,,1,,,2,26,0
SpringOatPeaIntercrop_2024_NY_91_subplot_3,714268,SpringOatPeaIntercrop_2024_NY_91,OT2130,91,2,,1,,,3,25,0
SpringOatPeaIntercrop_2024_NY_92_subplot_1,713996,SpringOatPeaIntercrop_2024_NY_92,OT2130,92,2,,1,,,1,29,6
SpringOatPeaIntercrop_2024_NY_92_subplot_2,713998,SpringOatPeaIntercrop_2024_NY_92,OT2130,92,2,,1,,,2,34,4
SpringOatPeaIntercrop_2024_NY_92_subplot_3,714000,SpringOatPeaIntercrop_2024_NY_92,OT2130,92,2,,1,,,3,30,3
SpringOatPeaIntercrop_2024_NY_93_subplot_1,714122,SpringOatPeaIntercrop_2024_NY_93,OGLE,93,2,,1,,,1,29,22
SpringOatPeaIntercrop_2024_NY_93_subplot_2,714123,SpringOatPeaIntercrop_2024_NY_93,OGLE,93,2,,1,,,2,32,16
SpringOatPeaIntercrop_2024_NY_93_subplot_3,714124,SpringOatPeaIntercrop_2024_NY_93,OGLE,93,2,,1,,,3,22,16
SpringOatPeaIntercrop_2024_NY_94_subplot_1,714258,SpringOatPeaIntercrop_2024_NY_94,OGLE,94,2,,1,,,1,30,0
SpringOatPeaIntercrop_2024_NY_94_subplot_2,714260,SpringOatPeaIntercrop_2024_NY_94,OGLE,94,2,,1,,,2,32,0
SpringOatPeaIntercrop_2024_NY_94_subplot_3,714262,SpringOatPeaIntercrop_2024_NY_94,OGLE,94,2,,1,,,3,28,0
SpringOatPeaIntercrop_2024_NY_95_subplot_1,713583,SpringOatPeaIntercrop_2024_NY_95,A10,95,2,,1,,,1,22,17
SpringOatPeaIntercrop_2024_NY_95_subplot_2,713585,SpringOatPeaIntercrop_2024_NY_95,A10,95,2,,1,,,2,27,14
SpringOatPeaIntercrop_2024_NY_95_subplot_3,713587,SpringOatPeaIntercrop_2024_NY_95,A10,95,2,,1,,,3,26,15
SpringOatPeaIntercrop_2024_NY_96_subplot_1,714525,SpringOatPeaIntercrop_2024_NY_96,A10,96,2,,1,,,1,22,0
SpringOatPeaIntercrop_2024_NY_96_subplot_2,714527,SpringOatPeaIntercrop_2024_NY_96,A10,96,2,,1,,,2,21,0
SpringOatPeaIntercrop_2024_NY_96_subplot_3,714529,SpringOatPeaIntercrop_2024_NY_96,A10,96,2,,1,,,3,21,0
SpringOatPeaIntercrop_2024_NY_97_subplot_1,714041,SpringOatPeaIntercrop_2024_NY_97,SD181245,97,2,,1,,,1,32,19
SpringOatPeaIntercrop_2024_NY_97_subplot_2,714042,SpringOatPeaIntercrop_2024_NY_97,SD181245,97,2,,1,,,2,34,17
SpringOatPeaIntercrop_2024_NY_97_subplot_3,714043,SpringOatPeaIntercrop_2024_NY_97,SD181245,97,2,,1,,,3,29,14
SpringOatPeaIntercrop_2024_NY_98_subplot_1,713907,SpringOatPeaIntercrop_2024_NY_98,SD181245,98,2,,1,,,1,33,0
SpringOatPeaIntercrop_2024_NY_98_subplot_2,713909,SpringOatPeaIntercrop_2024_NY_98,SD181245,98,2,,1,,,2,29,0
SpringOatPeaIntercrop_2024_NY_98_subplot_3,713911,SpringOatPeaIntercrop_2024_NY_98,SD181245,98,2,,1,,,3,26,0
SpringOatPeaIntercrop_2024_NY_99_subplot_1,714572,SpringOatPeaIntercrop_2024_NY_99,ND161488,99,2,,1,,,1,33,15
SpringOatPeaIntercrop_2024_NY_99_subplot_2,714574,SpringOatPeaIntercrop_2024_NY_99,ND161488,99,2,,1,,,2,34,26
SpringOatPeaIntercrop_2024_NY_99_subplot_3,714576,SpringOatPeaIntercrop_2024_NY_99,ND161488,99,2,,1,,,3,29,14
SpringOatPeaIntercrop_2024_NY_100_subplot_1,713889,SpringOatPeaIntercrop_2024_NY_100,ND161488,100,2,,1,,,1,30,0
SpringOatPeaIntercrop_2024_NY_100_subplot_2,713891,SpringOatPeaIntercrop_2024_NY_100,ND161488,100,2,,1,,,2,30,0
SpringOatPeaIntercrop_2024_NY_100_subplot_3,713893,SpringOatPeaIntercrop_2024_NY_100,ND161488,100,2,,1,,,3,36,0
SpringOatPeaIntercrop_2024_NY_101_subplot_1,714044,SpringOatPeaIntercrop_2024_NY_101,COLT,101,3,,1,,,1,20,11
SpringOatPeaIntercrop_2024_NY_101_subplot_2,714045,SpringOatPeaIntercrop_2024_NY_101,COLT,101,3,,1,,,2,26,11
SpringOatPeaIntercrop_2024_NY_101_subplot_3,714046,SpringOatPeaIntercrop_2024_NY_101,COLT,101,3,,1,,,3,28,18
SpringOatPeaIntercrop_2024_NY_102_subplot_1,714217,SpringOatPeaIntercrop_2024_NY_102,COLT,102,3,,1,,,1,30,0
SpringOatPeaIntercrop_2024_NY_102_subplot_2,714219,SpringOatPeaIntercrop_2024_NY_102,COLT,102,3,,1,,,2,23,0
SpringOatPeaIntercrop_2024_NY_102_subplot_3,714221,SpringOatPeaIntercrop_2024_NY_102,COLT,102,3,,1,,,3,22,0
SpringOatPeaIntercrop_2024_NY_103_subplot_1,713847,SpringOatPeaIntercrop_2024_NY_103,SPURS,103,3,,1,,,1,26,19
SpringOatPeaIntercrop_2024_NY_103_subplot_2,713849,SpringOatPeaIntercrop_2024_NY_103,SPURS,103,3,,1,,,2,28,22
SpringOatPeaIntercrop_2024_NY_103_subplot_3,713851,SpringOatPeaIntercrop_2024_NY_103,SPURS,103,3,,1,,,3,27,20
SpringOatPeaIntercrop_2024_NY_104_subplot_1,714299,SpringOatPeaIntercrop_2024_NY_104,SPURS,104,3,,1,,,1,25,0
SpringOatPeaIntercrop_2024_NY_104_subplot_2,714301,SpringOatPeaIntercrop_2024_NY_104,SPURS,104,3,,1,,,2,23,0
SpringOatPeaIntercrop_2024_NY_104_subplot_3,714303,SpringOatPeaIntercrop_2024_NY_104,SPURS,104,3,,1,,,3,24,0
SpringOatPeaIntercrop_2024_NY_105_subplot_1,713724,SpringOatPeaIntercrop_2024_NY_105,WI_X10710-7,105,3,,1,,,1,24,17
SpringOatPeaIntercrop_2024_NY_105_subplot_2,713726,SpringOatPeaIntercrop_2024_NY_105,WI_X10710-7,105,3,,1,,,2,23,18
SpringOatPeaIntercrop_2024_NY_105_subplot_3,713728,SpringOatPeaIntercrop_2024_NY_105,WI_X10710-7,105,3,,1,,,3,26,18
SpringOatPeaIntercrop_2024_NY_106_subplot_1,713919,SpringOatPeaIntercrop_2024_NY_106,WI_X10710-7,106,3,,1,,,1,25,0
SpringOatPeaIntercrop_2024_NY_106_subplot_2,713921,SpringOatPeaIntercrop_2024_NY_106,WI_X10710-7,106,3,,1,,,2,23,0
SpringOatPeaIntercrop_2024_NY_106_subplot_3,713923,SpringOatPeaIntercrop_2024_NY_106,WI_X10710-7,106,3,,1,,,3,22,0
SpringOatPeaIntercrop_2024_NY_107_subplot_1,713973,SpringOatPeaIntercrop_2024_NY_107,IL17-7339,107,3,,1,,,1,25,0
SpringOatPeaIntercrop_2024_NY_107_subplot_2,713975,SpringOatPeaIntercrop_2024_NY_107,IL17-7339,107,3,,1,,,2,22,0
SpringOatPeaIntercrop_2024_NY_107_subplot_3,713977,SpringOatPeaIntercrop_2024_NY_107,IL17-7339,107,3,,1,,,3,24,0
SpringOatPeaIntercrop_2024_NY_108_subplot_1,713666,SpringOatPeaIntercrop_2024_NY_108,IL17-7339,108,3,,1,,,1,30,15
SpringOatPeaIntercrop_2024_NY_108_subplot_2,713668,SpringOatPeaIntercrop_2024_NY_108,IL17-7339,108,3,,1,,,2,23,15
SpringOatPeaIntercrop_2024_NY_108_subplot_3,713670,SpringOatPeaIntercrop_2024_NY_108,IL17-7339,108,3,,1,,,3,23,16
SpringOatPeaIntercrop_2024_NY_109_subplot_1,714561,SpringOatPeaIntercrop_2024_NY_109,SABER,109,3,,1,,,1,23,0
SpringOatPeaIntercrop_2024_NY_109_subplot_2,714563,SpringOatPeaIntercrop_2024_NY_109,SABER,109,3,,1,,,2,22,0
SpringOatPeaIntercrop_2024_NY_109_subplot_3,714565,SpringOatPeaIntercrop_2024_NY_109,SABER,109,3,,1,,,3,30,0
SpringOatPeaIntercrop_2024_NY_110_subplot_1,713756,SpringOatPeaIntercrop_2024_NY_110,SABER,110,3,,1,,,1,27,17
SpringOatPeaIntercrop_2024_NY_110_subplot_2,713758,SpringOatPeaIntercrop_2024_NY_110,SABER,110,3,,1,,,2,24,17
SpringOatPeaIntercrop_2024_NY_110_subplot_3,713761,SpringOatPeaIntercrop_2024_NY_110,SABER,110,3,,1,,,3,21,16
SpringOatPeaIntercrop_2024_NY_111_subplot_1,714077,SpringOatPeaIntercrop_2024_NY_111,A11,111,3,,1,,,1,22,15
SpringOatPeaIntercrop_2024_NY_111_subplot_2,714078,SpringOatPeaIntercrop_2024_NY_111,A11,111,3,,1,,,2,25,0
SpringOatPeaIntercrop_2024_NY_111_subplot_3,714079,SpringOatPeaIntercrop_2024_NY_111,A11,111,3,,1,,,3,22,0
SpringOatPeaIntercrop_2024_NY_112_subplot_1,714131,SpringOatPeaIntercrop_2024_NY_112,A11,112,3,,1,,,1,19,19
SpringOatPeaIntercrop_2024_NY_112_subplot_2,714132,SpringOatPeaIntercrop_2024_NY_112,A11,112,3,,1,,,2,24,19
SpringOatPeaIntercrop_2024_NY_112_subplot_3,714133,SpringOatPeaIntercrop_2024_NY_112,A11,112,3,,1,,,3,21,19
SpringOatPeaIntercrop_2024_NY_113_subplot_1,713823,SpringOatPeaIntercrop_2024_NY_113,OT2130,113,3,,1,,,1,29,21
SpringOatPeaIntercrop_2024_NY_113_subplot_2,713825,SpringOatPeaIntercrop_2024_NY_113,OT2130,113,3,,1,,,2,25,15
SpringOatPeaIntercrop_2024_NY_113_subplot_3,713827,SpringOatPeaIntercrop_2024_NY_113,OT2130,113,3,,1,,,3,19,19
SpringOatPeaIntercrop_2024_NY_114_subplot_1,714378,SpringOatPeaIntercrop_2024_NY_114,OT2130,114,3,,1,,,1,21,0
SpringOatPeaIntercrop_2024_NY_114_subplot_2,714380,SpringOatPeaIntercrop_2024_NY_114,OT2130,114,3,,1,,,2,24,0
SpringOatPeaIntercrop_2024_NY_114_subplot_3,714382,SpringOatPeaIntercrop_2024_NY_114,OT2130,114,3,,1,,,3,23,0
SpringOatPeaIntercrop_2024_NY_115_subplot_1,713627,SpringOatPeaIntercrop_2024_NY_115,SD191467,115,3,,1,,,1,27,0
SpringOatPeaIntercrop_2024_NY_115_subplot_2,713629,SpringOatPeaIntercrop_2024_NY_115,SD191467,115,3,,1,,,2,23,0
SpringOatPeaIntercrop_2024_NY_115_subplot_3,713631,SpringOatPeaIntercrop_2024_NY_115,SD191467,115,3,,1,,,3,21,0
SpringOatPeaIntercrop_2024_NY_116_subplot_1,714008,SpringOatPeaIntercrop_2024_NY_116,SD191467,116,3,,1,,,1,21,18
SpringOatPeaIntercrop_2024_NY_116_subplot_2,714010,SpringOatPeaIntercrop_2024_NY_116,SD191467,116,3,,1,,,2,23,15
SpringOatPeaIntercrop_2024_NY_116_subplot_3,714012,SpringOatPeaIntercrop_2024_NY_116,SD191467,116,3,,1,,,3,29,22
SpringOatPeaIntercrop_2024_NY_117_subplot_1,713925,SpringOatPeaIntercrop_2024_NY_117,DEON,117,3,,1,,,1,22,0
SpringOatPeaIntercrop_2024_NY_117_subplot_2,713927,SpringOatPeaIntercrop_2024_NY_117,DEON,117,3,,1,,,2,27,0
SpringOatPeaIntercrop_2024_NY_117_subplot_3,713929,SpringOatPeaIntercrop_2024_NY_117,DEON,117,3,,1,,,3,22,0
SpringOatPeaIntercrop_2024_NY_118_subplot_1,713685,SpringOatPeaIntercrop_2024_NY_118,DEON,118,3,,1,,,1,24,18
SpringOatPeaIntercrop_2024_NY_118_subplot_2,713687,SpringOatPeaIntercrop_2024_NY_118,DEON,118,3,,1,,,2,26,18
SpringOatPeaIntercrop_2024_NY_118_subplot_3,713689,SpringOatPeaIntercrop_2024_NY_118,DEON,118,3,,1,,,3,31,17
SpringOatPeaIntercrop_2024_NY_119_subplot_1,714455,SpringOatPeaIntercrop_2024_NY_119,SD170935,119,3,,1,,,1,28,0
SpringOatPeaIntercrop_2024_NY_119_subplot_2,714457,SpringOatPeaIntercrop_2024_NY_119,SD170935,119,3,,1,,,2,23,0
SpringOatPeaIntercrop_2024_NY_119_subplot_3,714459,SpringOatPeaIntercrop_2024_NY_119,SD170935,119,3,,1,,,3,22,0
SpringOatPeaIntercrop_2024_NY_120_subplot_1,714566,SpringOatPeaIntercrop_2024_NY_120,SD170935,120,3,,1,,,1,23,17
SpringOatPeaIntercrop_2024_NY_120_subplot_2,714568,SpringOatPeaIntercrop_2024_NY_120,SD170935,120,3,,1,,,2,29,20
SpringOatPeaIntercrop_2024_NY_120_subplot_3,714570,SpringOatPeaIntercrop_2024_NY_120,SD170935,120,3,,1,,,3,29,18
SpringOatPeaIntercrop_2024_NY_121_subplot_1,713653,SpringOatPeaIntercrop_2024_NY_121,IL17-7334,121,3,,1,,,1,22,0
SpringOatPeaIntercrop_2024_NY_121_subplot_2,713655,SpringOatPeaIntercrop_2024_NY_121,IL17-7334,121,3,,1,,,2,28,0
SpringOatPeaIntercrop_2024_NY_121_subplot_3,713657,SpringOatPeaIntercrop_2024_NY_121,IL17-7334,121,3,,1,,,3,34,0
SpringOatPeaIntercrop_2024_NY_122_subplot_1,713608,SpringOatPeaIntercrop_2024_NY_122,IL17-7334,122,3,,1,,,1,27,23
SpringOatPeaIntercrop_2024_NY_122_subplot_2,713610,SpringOatPeaIntercrop_2024_NY_122,IL17-7334,122,3,,1,,,2,30,23
SpringOatPeaIntercrop_2024_NY_122_subplot_3,713612,SpringOatPeaIntercrop_2024_NY_122,IL17-7334,122,3,,1,,,3,30,23
SpringOatPeaIntercrop_2024_NY_123_subplot_1,714508,SpringOatPeaIntercrop_2024_NY_123,ND170376,123,3,,1,,,1,21,0
SpringOatPeaIntercrop_2024_NY_123_subplot_2,714510,SpringOatPeaIntercrop_2024_NY_123,ND170376,123,3,,1,,,2,24,0
SpringOatPeaIntercrop_2024_NY_123_subplot_3,714511,SpringOatPeaIntercrop_2024_NY_123,ND170376,123,3,,1,,,3,27,0
SpringOatPeaIntercrop_2024_NY_124_subplot_1,713913,SpringOatPeaIntercrop_2024_NY_124,ND170376,124,3,,1,,,1,23,17
SpringOatPeaIntercrop_2024_NY_124_subplot_2,713915,SpringOatPeaIntercrop_2024_NY_124,ND170376,124,3,,1,,,2,27,17
SpringOatPeaIntercrop_2024_NY_124_subplot_3,713917,SpringOatPeaIntercrop_2024_NY_124,ND170376,124,3,,1,,,3,21,16
SpringOatPeaIntercrop_2024_NY_125_subplot_1,714095,SpringOatPeaIntercrop_2024_NY_125,NATTY,125,3,,1,,,1,26,15
SpringOatPeaIntercrop_2024_NY_125_subplot_2,714096,SpringOatPeaIntercrop_2024_NY_125,NATTY,125,3,,1,,,2,28,16
SpringOatPeaIntercrop_2024_NY_125_subplot_3,714097,SpringOatPeaIntercrop_2024_NY_125,NATTY,125,3,,1,,,3,27,19
SpringOatPeaIntercrop_2024_NY_126_subplot_1,714294,SpringOatPeaIntercrop_2024_NY_126,NATTY,126,3,,1,,,1,25,0
SpringOatPeaIntercrop_2024_NY_126_subplot_2,714296,SpringOatPeaIntercrop_2024_NY_126,NATTY,126,3,,1,,,2,26,0
SpringOatPeaIntercrop_2024_NY_126_subplot_3,714297,SpringOatPeaIntercrop_2024_NY_126,NATTY,126,3,,1,,,3,23,0
SpringOatPeaIntercrop_2024_NY_127_subplot_1,714359,SpringOatPeaIntercrop_2024_NY_127,NEWBURG,127,3,,1,,,1,22,0
SpringOatPeaIntercrop_2024_NY_127_subplot_2,714361,SpringOatPeaIntercrop_2024_NY_127,NEWBURG,127,3,,1,,,2,24,0
SpringOatPeaIntercrop_2024_NY_127_subplot_3,714363,SpringOatPeaIntercrop_2024_NY_127,NEWBURG,127,3,,1,,,3,24,0
SpringOatPeaIntercrop_2024_NY_128_subplot_1,714056,SpringOatPeaIntercrop_2024_NY_128,NEWBURG,128,3,,1,,,1,24,7
SpringOatPeaIntercrop_2024_NY_128_subplot_2,714057,SpringOatPeaIntercrop_2024_NY_128,NEWBURG,128,3,,1,,,2,29,11
SpringOatPeaIntercrop_2024_NY_128_subplot_3,714058,SpringOatPeaIntercrop_2024_NY_128,NEWBURG,128,3,,1,,,3,22,11
SpringOatPeaIntercrop_2024_NY_129_subplot_1,713853,SpringOatPeaIntercrop_2024_NY_129,SD181377,129,3,,1,,,1,21,19
SpringOatPeaIntercrop_2024_NY_129_subplot_2,713855,SpringOatPeaIntercrop_2024_NY_129,SD181377,129,3,,1,,,2,24,16
SpringOatPeaIntercrop_2024_NY_129_subplot_3,713857,SpringOatPeaIntercrop_2024_NY_129,SD181377,129,3,,1,,,3,23,15
SpringOatPeaIntercrop_2024_NY_130_subplot_1,713640,SpringOatPeaIntercrop_2024_NY_130,SD181377,130,3,,1,,,1,25,0
SpringOatPeaIntercrop_2024_NY_130_subplot_2,713642,SpringOatPeaIntercrop_2024_NY_130,SD181377,130,3,,1,,,2,25,0
SpringOatPeaIntercrop_2024_NY_130_subplot_3,713644,SpringOatPeaIntercrop_2024_NY_130,SD181377,130,3,,1,,,3,21,0
SpringOatPeaIntercrop_2024_NY_131_subplot_1,714549,SpringOatPeaIntercrop_2024_NY_131,MN18038X_008,131,3,1,1,,,1,27,0
SpringOatPeaIntercrop_2024_NY_131_subplot_2,714551,SpringOatPeaIntercrop_2024_NY_131,MN18038X_008,131,3,1,1,,,2,25,0
SpringOatPeaIntercrop_2024_NY_131_subplot_3,714553,SpringOatPeaIntercrop_2024_NY_131,MN18038X_008,131,3,1,1,,,3,21,0
SpringOatPeaIntercrop_2024_NY_132_subplot_1,714276,SpringOatPeaIntercrop_2024_NY_132,MN18038X_008,132,3,1,1,,,1,22,18
SpringOatPeaIntercrop_2024_NY_132_subplot_2,714278,SpringOatPeaIntercrop_2024_NY_132,MN18038X_008,132,3,1,1,,,2,22,14
SpringOatPeaIntercrop_2024_NY_132_subplot_3,714280,SpringOatPeaIntercrop_2024_NY_132,MN18038X_008,132,3,1,1,,,3,24,18
SpringOatPeaIntercrop_2024_NY_133_subplot_1,713620,SpringOatPeaIntercrop_2024_NY_133,WI_X10642-3,133,3,,1,,,1,25,18
SpringOatPeaIntercrop_2024_NY_133_subplot_2,713623,SpringOatPeaIntercrop_2024_NY_133,WI_X10642-3,133,3,,1,,,2,29,19
SpringOatPeaIntercrop_2024_NY_133_subplot_3,713625,SpringOatPeaIntercrop_2024_NY_133,WI_X10642-3,133,3,,1,,,3,24,16
SpringOatPeaIntercrop_2024_NY_134_subplot_1,714235,SpringOatPeaIntercrop_2024_NY_134,WI_X10642-3,134,3,,1,,,1,21,0
SpringOatPeaIntercrop_2024_NY_134_subplot_2,714237,SpringOatPeaIntercrop_2024_NY_134,WI_X10642-3,134,3,,1,,,2,30,0
SpringOatPeaIntercrop_2024_NY_134_subplot_3,714239,SpringOatPeaIntercrop_2024_NY_134,WI_X10642-3,134,3,,1,,,3,29,0
SpringOatPeaIntercrop_2024_NY_135_subplot_1,713817,SpringOatPeaIntercrop_2024_NY_135,A25,135,3,,1,,,1,25,18
SpringOatPeaIntercrop_2024_NY_135_subplot_2,713819,SpringOatPeaIntercrop_2024_NY_135,A25,135,3,,1,,,2,28,11
SpringOatPeaIntercrop_2024_NY_135_subplot_3,713821,SpringOatPeaIntercrop_2024_NY_135,A25,135,3,,1,,,3,23,15
SpringOatPeaIntercrop_2024_NY_136_subplot_1,713596,SpringOatPeaIntercrop_2024_NY_136,A25,136,3,,1,,,1,22,0
SpringOatPeaIntercrop_2024_NY_136_subplot_2,713598,SpringOatPeaIntercrop_2024_NY_136,A25,136,3,,1,,,2,24,0
SpringOatPeaIntercrop_2024_NY_136_subplot_3,713600,SpringOatPeaIntercrop_2024_NY_136,A25,136,3,,1,,,3,22,0
SpringOatPeaIntercrop_2024_NY_137_subplot_1,713532,SpringOatPeaIntercrop_2024_NY_137,WARRIOR,137,3,,1,,,1,25,0
SpringOatPeaIntercrop_2024_NY_137_subplot_2,713534,SpringOatPeaIntercrop_2024_NY_137,WARRIOR,137,3,,1,,,2,22,0
SpringOatPeaIntercrop_2024_NY_137_subplot_3,713536,SpringOatPeaIntercrop_2024_NY_137,WARRIOR,137,3,,1,,,3,20,0
SpringOatPeaIntercrop_2024_NY_138_subplot_1,713877,SpringOatPeaIntercrop_2024_NY_138,WARRIOR,138,3,,1,,,1,19,13
SpringOatPeaIntercrop_2024_NY_138_subplot_2,713879,SpringOatPeaIntercrop_2024_NY_138,WARRIOR,138,3,,1,,,2,22,14
SpringOatPeaIntercrop_2024_NY_138_subplot_3,713881,SpringOatPeaIntercrop_2024_NY_138,WARRIOR,138,3,,1,,,3,26,13
SpringOatPeaIntercrop_2024_NY_139_subplot_1,714059,SpringOatPeaIntercrop_2024_NY_139,WI_X10680-3,139,3,,1,,,1,27,0
SpringOatPeaIntercrop_2024_NY_139_subplot_2,714060,SpringOatPeaIntercrop_2024_NY_139,WI_X10680-3,139,3,,1,,,2,24,0
SpringOatPeaIntercrop_2024_NY_139_subplot_3,714061,SpringOatPeaIntercrop_2024_NY_139,WI_X10680-3,139,3,,1,,,3,22,0
SpringOatPeaIntercrop_2024_NY_140_subplot_1,713835,SpringOatPeaIntercrop_2024_NY_140,WI_X10680-3,140,3,,1,,,1,22,14
SpringOatPeaIntercrop_2024_NY_140_subplot_2,713837,SpringOatPeaIntercrop_2024_NY_140,WI_X10680-3,140,3,,1,,,2,27,15
SpringOatPeaIntercrop_2024_NY_140_subplot_3,713839,SpringOatPeaIntercrop_2024_NY_140,WI_X10680-3,140,3,,1,,,3,23,14
SpringOatPeaIntercrop_2024_NY_141_subplot_1,714110,SpringOatPeaIntercrop_2024_NY_141,SD181237,141,3,,1,,,1,20,19
SpringOatPeaIntercrop_2024_NY_141_subplot_2,714111,SpringOatPeaIntercrop_2024_NY_141,SD181237,141,3,,1,,,2,27,16
SpringOatPeaIntercrop_2024_NY_141_subplot_3,714112,SpringOatPeaIntercrop_2024_NY_141,SD181237,141,3,,1,,,3,28,16
SpringOatPeaIntercrop_2024_NY_142_subplot_1,714193,SpringOatPeaIntercrop_2024_NY_142,SD181237,142,3,,1,,,1,29,0
SpringOatPeaIntercrop_2024_NY_142_subplot_2,714195,SpringOatPeaIntercrop_2024_NY_142,SD181237,142,3,,1,,,2,27,0
SpringOatPeaIntercrop_2024_NY_142_subplot_3,714197,SpringOatPeaIntercrop_2024_NY_142,SD181237,142,3,,1,,,3,18,0
SpringOatPeaIntercrop_2024_NY_143_subplot_1,713743,SpringOatPeaIntercrop_2024_NY_143,ESKER,143,3,,1,,,1,28,0
SpringOatPeaIntercrop_2024_NY_143_subplot_2,713745,SpringOatPeaIntercrop_2024_NY_143,ESKER,143,3,,1,,,2,25,0
SpringOatPeaIntercrop_2024_NY_143_subplot_3,713748,SpringOatPeaIntercrop_2024_NY_143,ESKER,143,3,,1,,,3,20,0
SpringOatPeaIntercrop_2024_NY_144_subplot_1,714408,SpringOatPeaIntercrop_2024_NY_144,ESKER,144,3,,1,,,1,28,18
SpringOatPeaIntercrop_2024_NY_144_subplot_2,714410,SpringOatPeaIntercrop_2024_NY_144,ESKER,144,3,,1,,,2,26,19
SpringOatPeaIntercrop_2024_NY_144_subplot_3,714412,SpringOatPeaIntercrop_2024_NY_144,ESKER,144,3,,1,,,3,22,15
SpringOatPeaIntercrop_2024_NY_145_subplot_1,713633,SpringOatPeaIntercrop_2024_NY_145,BUCKSKIN,145,3,,1,,,1,22,14
SpringOatPeaIntercrop_2024_NY_145_subplot_2,713635,SpringOatPeaIntercrop_2024_NY_145,BUCKSKIN,145,3,,1,,,2,25,14
SpringOatPeaIntercrop_2024_NY_145_subplot_3,713638,SpringOatPeaIntercrop_2024_NY_145,BUCKSKIN,145,3,,1,,,3,25,17
SpringOatPeaIntercrop_2024_NY_146_subplot_1,714014,SpringOatPeaIntercrop_2024_NY_146,BUCKSKIN,146,3,,1,,,1,25,0
SpringOatPeaIntercrop_2024_NY_146_subplot_2,714016,SpringOatPeaIntercrop_2024_NY_146,BUCKSKIN,146,3,,1,,,2,27,0
SpringOatPeaIntercrop_2024_NY_146_subplot_3,714017,SpringOatPeaIntercrop_2024_NY_146,BUCKSKIN,146,3,,1,,,3,22,0
SpringOatPeaIntercrop_2024_NY_147_subplot_1,713895,SpringOatPeaIntercrop_2024_NY_147,A10,147,3,,1,,,1,17,0
SpringOatPeaIntercrop_2024_NY_147_subplot_2,713897,SpringOatPeaIntercrop_2024_NY_147,A10,147,3,,1,,,2,16,0
SpringOatPeaIntercrop_2024_NY_147_subplot_3,713899,SpringOatPeaIntercrop_2024_NY_147,A10,147,3,,1,,,3,15,0
SpringOatPeaIntercrop_2024_NY_148_subplot_1,713730,SpringOatPeaIntercrop_2024_NY_148,A10,148,3,,1,,,1,19,14
SpringOatPeaIntercrop_2024_NY_148_subplot_2,713733,SpringOatPeaIntercrop_2024_NY_148,A10,148,3,,1,,,2,21,20
SpringOatPeaIntercrop_2024_NY_148_subplot_3,713735,SpringOatPeaIntercrop_2024_NY_148,A10,148,3,,1,,,3,19,18
SpringOatPeaIntercrop_2024_NY_149_subplot_1,714484,SpringOatPeaIntercrop_2024_NY_149,SD190992,149,3,,1,,,1,22,0
SpringOatPeaIntercrop_2024_NY_149_subplot_2,714486,SpringOatPeaIntercrop_2024_NY_149,SD190992,149,3,,1,,,2,21,0
SpringOatPeaIntercrop_2024_NY_149_subplot_3,714488,SpringOatPeaIntercrop_2024_NY_149,SD190992,149,3,,1,,,3,24,0
SpringOatPeaIntercrop_2024_NY_150_subplot_1,714080,SpringOatPeaIntercrop_2024_NY_150,SD190992,150,3,,1,,,1,24,13
SpringOatPeaIntercrop_2024_NY_150_subplot_2,714081,SpringOatPeaIntercrop_2024_NY_150,SD190992,150,3,,1,,,2,26,17
SpringOatPeaIntercrop_2024_NY_150_subplot_3,714082,SpringOatPeaIntercrop_2024_NY_150,SD190992,150,3,,1,,,3,17,9
SpringOatPeaIntercrop_2024_NY_151_subplot_1,713763,SpringOatPeaIntercrop_2024_NY_151,MN18015X_004,151,4,,1,,,1,26,
SpringOatPeaIntercrop_2024_NY_151_subplot_2,713765,SpringOatPeaIntercrop_2024_NY_151,MN18015X_004,151,4,,1,,,2,25,0
SpringOatPeaIntercrop_2024_NY_151_subplot_3,713767,SpringOatPeaIntercrop_2024_NY_151,MN18015X_004,151,4,,1,,,3,24,0
SpringOatPeaIntercrop_2024_NY_152_subplot_1,713949,SpringOatPeaIntercrop_2024_NY_152,MN18015X_004,152,4,,1,,,1,28,12
SpringOatPeaIntercrop_2024_NY_152_subplot_2,713951,SpringOatPeaIntercrop_2024_NY_152,MN18015X_004,152,4,,1,,,2,26,9
SpringOatPeaIntercrop_2024_NY_152_subplot_3,713953,SpringOatPeaIntercrop_2024_NY_152,MN18015X_004,152,4,,1,,,3,22,10
SpringOatPeaIntercrop_2024_NY_153_subplot_1,714104,SpringOatPeaIntercrop_2024_NY_153,IL17-7339,153,4,,1,,,1,23,11
SpringOatPeaIntercrop_2024_NY_153_subplot_2,714105,SpringOatPeaIntercrop_2024_NY_153,IL17-7339,153,4,,1,,,2,24,9
SpringOatPeaIntercrop_2024_NY_153_subplot_3,714106,SpringOatPeaIntercrop_2024_NY_153,IL17-7339,153,4,,1,,,3,20,14
SpringOatPeaIntercrop_2024_NY_154_subplot_1,713526,SpringOatPeaIntercrop_2024_NY_154,IL17-7339,154,4,,1,,,1,27,0
SpringOatPeaIntercrop_2024_NY_154_subplot_2,713528,SpringOatPeaIntercrop_2024_NY_154,IL17-7339,154,4,,1,,,2,30,0
SpringOatPeaIntercrop_2024_NY_154_subplot_3,713530,SpringOatPeaIntercrop_2024_NY_154,IL17-7339,154,4,,1,,,3,27,0
SpringOatPeaIntercrop_2024_NY_155_subplot_1,714513,SpringOatPeaIntercrop_2024_NY_155,LEGGETT,155,4,,1,,,1,24,0
SpringOatPeaIntercrop_2024_NY_155_subplot_2,714515,SpringOatPeaIntercrop_2024_NY_155,LEGGETT,155,4,,1,,,2,22,0
SpringOatPeaIntercrop_2024_NY_155_subplot_3,714517,SpringOatPeaIntercrop_2024_NY_155,LEGGETT,155,4,,1,,,3,25,0
SpringOatPeaIntercrop_2024_NY_156_subplot_1,714134,SpringOatPeaIntercrop_2024_NY_156,LEGGETT,156,4,,1,,,1,22,11
SpringOatPeaIntercrop_2024_NY_156_subplot_2,714136,SpringOatPeaIntercrop_2024_NY_156,LEGGETT,156,4,,1,,,2,31,17
SpringOatPeaIntercrop_2024_NY_156_subplot_3,714138,SpringOatPeaIntercrop_2024_NY_156,LEGGETT,156,4,,1,,,3,26,10
SpringOatPeaIntercrop_2024_NY_157_subplot_1,714223,SpringOatPeaIntercrop_2024_NY_157,A11,157,4,,1,,,1,15,10
SpringOatPeaIntercrop_2024_NY_157_subplot_2,714225,SpringOatPeaIntercrop_2024_NY_157,A11,157,4,,1,,,2,21,0
SpringOatPeaIntercrop_2024_NY_157_subplot_3,714227,SpringOatPeaIntercrop_2024_NY_157,A11,157,4,,1,,,3,24,0
SpringOatPeaIntercrop_2024_NY_158_subplot_1,714437,SpringOatPeaIntercrop_2024_NY_158,A11,158,4,,1,,,1,24,12
SpringOatPeaIntercrop_2024_NY_158_subplot_2,714439,SpringOatPeaIntercrop_2024_NY_158,A11,158,4,,1,,,2,23,10
SpringOatPeaIntercrop_2024_NY_158_subplot_3,714441,SpringOatPeaIntercrop_2024_NY_158,A11,158,4,,1,,,3,24,11
SpringOatPeaIntercrop_2024_NY_159_subplot_1,713717,SpringOatPeaIntercrop_2024_NY_159,GOPHER,159,4,,1,,,1,24,10
SpringOatPeaIntercrop_2024_NY_159_subplot_2,713720,SpringOatPeaIntercrop_2024_NY_159,GOPHER,159,4,,1,,,2,28,10
SpringOatPeaIntercrop_2024_NY_159_subplot_3,713722,SpringOatPeaIntercrop_2024_NY_159,GOPHER,159,4,,1,,,3,22,10
SpringOatPeaIntercrop_2024_NY_160_subplot_1,713943,SpringOatPeaIntercrop_2024_NY_160,GOPHER,160,4,,1,,,1,26,0
SpringOatPeaIntercrop_2024_NY_160_subplot_2,713945,SpringOatPeaIntercrop_2024_NY_160,GOPHER,160,4,,1,,,2,27,0
SpringOatPeaIntercrop_2024_NY_160_subplot_3,713947,SpringOatPeaIntercrop_2024_NY_160,GOPHER,160,4,,1,,,3,26,0
SpringOatPeaIntercrop_2024_NY_161_subplot_1,714128,SpringOatPeaIntercrop_2024_NY_161,RUSHMORE,161,4,,1,,,1,26,15
SpringOatPeaIntercrop_2024_NY_161_subplot_2,714129,SpringOatPeaIntercrop_2024_NY_161,RUSHMORE,161,4,,1,,,2,35,16
SpringOatPeaIntercrop_2024_NY_161_subplot_3,714130,SpringOatPeaIntercrop_2024_NY_161,RUSHMORE,161,4,,1,,,3,33,18
SpringOatPeaIntercrop_2024_NY_162_subplot_1,714071,SpringOatPeaIntercrop_2024_NY_162,RUSHMORE,162,4,,1,,,1,26,0
SpringOatPeaIntercrop_2024_NY_162_subplot_2,714072,SpringOatPeaIntercrop_2024_NY_162,RUSHMORE,162,4,,1,,,2,29,0
SpringOatPeaIntercrop_2024_NY_162_subplot_3,714073,SpringOatPeaIntercrop_2024_NY_162,RUSHMORE,162,4,,1,,,3,25,0
SpringOatPeaIntercrop_2024_NY_163_subplot_1,714032,SpringOatPeaIntercrop_2024_NY_163,IL17-1253,163,4,1,1,,,1,21,15
SpringOatPeaIntercrop_2024_NY_163_subplot_2,714033,SpringOatPeaIntercrop_2024_NY_163,IL17-1253,163,4,1,1,,,2,30,13
SpringOatPeaIntercrop_2024_NY_163_subplot_3,714034,SpringOatPeaIntercrop_2024_NY_163,IL17-1253,163,4,1,1,,,3,27,16
SpringOatPeaIntercrop_2024_NY_164_subplot_1,714449,SpringOatPeaIntercrop_2024_NY_164,IL17-1253,164,4,1,1,,,1,29,0
SpringOatPeaIntercrop_2024_NY_164_subplot_2,714451,SpringOatPeaIntercrop_2024_NY_164,IL17-1253,164,4,1,1,,,2,33,0
SpringOatPeaIntercrop_2024_NY_164_subplot_3,714453,SpringOatPeaIntercrop_2024_NY_164,IL17-1253,164,4,1,1,,,3,26,0
SpringOatPeaIntercrop_2024_NY_165_subplot_1,713570,SpringOatPeaIntercrop_2024_NY_165,REINS,165,4,,1,,,1,22,12
SpringOatPeaIntercrop_2024_NY_165_subplot_2,713572,SpringOatPeaIntercrop_2024_NY_165,REINS,165,4,,1,,,2,26,14
SpringOatPeaIntercrop_2024_NY_165_subplot_3,713574,SpringOatPeaIntercrop_2024_NY_165,REINS,165,4,,1,,,3,25,15
SpringOatPeaIntercrop_2024_NY_166_subplot_1,713793,SpringOatPeaIntercrop_2024_NY_166,REINS,166,4,,1,,,1,25,0
SpringOatPeaIntercrop_2024_NY_166_subplot_2,713795,SpringOatPeaIntercrop_2024_NY_166,REINS,166,4,,1,,,2,30,0
SpringOatPeaIntercrop_2024_NY_166_subplot_3,713797,SpringOatPeaIntercrop_2024_NY_166,REINS,166,4,,1,,,3,22,0
SpringOatPeaIntercrop_2024_NY_167_subplot_1,713883,SpringOatPeaIntercrop_2024_NY_167,SD181245,167,4,,1,,,1,28,0
SpringOatPeaIntercrop_2024_NY_167_subplot_2,713885,SpringOatPeaIntercrop_2024_NY_167,SD181245,167,4,,1,,,2,27,0
SpringOatPeaIntercrop_2024_NY_167_subplot_3,713887,SpringOatPeaIntercrop_2024_NY_167,SD181245,167,4,,1,,,3,22,0
SpringOatPeaIntercrop_2024_NY_168_subplot_1,713497,SpringOatPeaIntercrop_2024_NY_168,SD181245,168,4,,1,,,1,29,15
SpringOatPeaIntercrop_2024_NY_168_subplot_2,713499,SpringOatPeaIntercrop_2024_NY_168,SD181245,168,4,,1,,,2,26,14
SpringOatPeaIntercrop_2024_NY_168_subplot_3,713501,SpringOatPeaIntercrop_2024_NY_168,SD181245,168,4,,1,,,3,25,15
SpringOatPeaIntercrop_2024_NY_169_subplot_1,714384,SpringOatPeaIntercrop_2024_NY_169,IL17-7334,169,4,,1,,,1,25,0
SpringOatPeaIntercrop_2024_NY_169_subplot_2,714386,SpringOatPeaIntercrop_2024_NY_169,IL17-7334,169,4,,1,,,2,28,0
SpringOatPeaIntercrop_2024_NY_169_subplot_3,714388,SpringOatPeaIntercrop_2024_NY_169,IL17-7334,169,4,,1,,,3,29,0
SpringOatPeaIntercrop_2024_NY_170_subplot_1,713509,SpringOatPeaIntercrop_2024_NY_170,IL17-7334,170,4,,1,,,1,30,13
SpringOatPeaIntercrop_2024_NY_170_subplot_2,713511,SpringOatPeaIntercrop_2024_NY_170,IL17-7334,170,4,,1,,,2,34,12
SpringOatPeaIntercrop_2024_NY_170_subplot_3,713513,SpringOatPeaIntercrop_2024_NY_170,IL17-7334,170,4,,1,,,3,24,12
SpringOatPeaIntercrop_2024_NY_171_subplot_1,714353,SpringOatPeaIntercrop_2024_NY_171,IL15-5752,171,4,,1,,,1,23,11
SpringOatPeaIntercrop_2024_NY_171_subplot_2,714355,SpringOatPeaIntercrop_2024_NY_171,IL15-5752,171,4,,1,,,2,29,12
SpringOatPeaIntercrop_2024_NY_171_subplot_3,714357,SpringOatPeaIntercrop_2024_NY_171,IL15-5752,171,4,,1,,,3,22,11
SpringOatPeaIntercrop_2024_NY_172_subplot_1,714420,SpringOatPeaIntercrop_2024_NY_172,IL15-5752,172,4,,1,,,1,25,0
SpringOatPeaIntercrop_2024_NY_172_subplot_2,714421,SpringOatPeaIntercrop_2024_NY_172,IL15-5752,172,4,,1,,,2,25,0
SpringOatPeaIntercrop_2024_NY_172_subplot_3,714423,SpringOatPeaIntercrop_2024_NY_172,IL15-5752,172,4,,1,,,3,26,0
SpringOatPeaIntercrop_2024_NY_173_subplot_1,713551,SpringOatPeaIntercrop_2024_NY_173,IL17-1253,173,4,,1,,,1,28,0
SpringOatPeaIntercrop_2024_NY_173_subplot_2,713553,SpringOatPeaIntercrop_2024_NY_173,IL17-1253,173,4,,1,,,2,29,0
SpringOatPeaIntercrop_2024_NY_173_subplot_3,713555,SpringOatPeaIntercrop_2024_NY_173,IL17-1253,173,4,,1,,,3,21,0
SpringOatPeaIntercrop_2024_NY_174_subplot_1,714089,SpringOatPeaIntercrop_2024_NY_174,IL17-1253,174,4,,1,,,1,23,9
SpringOatPeaIntercrop_2024_NY_174_subplot_2,714090,SpringOatPeaIntercrop_2024_NY_174,IL17-1253,174,4,,1,,,2,27,20
SpringOatPeaIntercrop_2024_NY_174_subplot_3,714091,SpringOatPeaIntercrop_2024_NY_174,IL17-1253,174,4,,1,,,3,24,20
SpringOatPeaIntercrop_2024_NY_175_subplot_1,713901,SpringOatPeaIntercrop_2024_NY_175,MN18038X_008,175,4,,1,,,1,24,15
SpringOatPeaIntercrop_2024_NY_175_subplot_2,713903,SpringOatPeaIntercrop_2024_NY_175,MN18038X_008,175,4,,1,,,2,28,13
SpringOatPeaIntercrop_2024_NY_175_subplot_3,713905,SpringOatPeaIntercrop_2024_NY_175,MN18038X_008,175,4,,1,,,3,21,8
SpringOatPeaIntercrop_2024_NY_176_subplot_1,713704,SpringOatPeaIntercrop_2024_NY_176,MN18038X_008,176,4,,1,,,1,25,0
SpringOatPeaIntercrop_2024_NY_176_subplot_2,713707,SpringOatPeaIntercrop_2024_NY_176,MN18038X_008,176,4,,1,,,2,28,0
SpringOatPeaIntercrop_2024_NY_176_subplot_3,713709,SpringOatPeaIntercrop_2024_NY_176,MN18038X_008,176,4,,1,,,3,29,0
SpringOatPeaIntercrop_2024_NY_177_subplot_1,713659,SpringOatPeaIntercrop_2024_NY_177,SD190850,177,4,,1,,,1,28,6
SpringOatPeaIntercrop_2024_NY_177_subplot_2,713661,SpringOatPeaIntercrop_2024_NY_177,SD190850,177,4,,1,,,2,28,3
SpringOatPeaIntercrop_2024_NY_177_subplot_3,713663,SpringOatPeaIntercrop_2024_NY_177,SD190850,177,4,,1,,,3,22,4
SpringOatPeaIntercrop_2024_NY_178_subplot_1,713967,SpringOatPeaIntercrop_2024_NY_178,SD190850,178,4,,1,,,1,22,0
SpringOatPeaIntercrop_2024_NY_178_subplot_2,713969,SpringOatPeaIntercrop_2024_NY_178,SD190850,178,4,,1,,,2,25,0
SpringOatPeaIntercrop_2024_NY_178_subplot_3,713971,SpringOatPeaIntercrop_2024_NY_178,SD190850,178,4,,1,,,3,32,0
SpringOatPeaIntercrop_2024_NY_179_subplot_1,714169,SpringOatPeaIntercrop_2024_NY_179,SD190992,179,4,,1,,,1,28,0
SpringOatPeaIntercrop_2024_NY_179_subplot_2,714171,SpringOatPeaIntercrop_2024_NY_179,SD190992,179,4,,1,,,2,33,0
SpringOatPeaIntercrop_2024_NY_179_subplot_3,714173,SpringOatPeaIntercrop_2024_NY_179,SD190992,179,4,,1,,,3,20,0
SpringOatPeaIntercrop_2024_NY_180_subplot_1,714425,SpringOatPeaIntercrop_2024_NY_180,SD190992,180,4,,1,,,1,24,8
SpringOatPeaIntercrop_2024_NY_180_subplot_2,714427,SpringOatPeaIntercrop_2024_NY_180,SD190992,180,4,,1,,,2,31,17
SpringOatPeaIntercrop_2024_NY_180_subplot_3,714429,SpringOatPeaIntercrop_2024_NY_180,SD190992,180,4,,1,,,3,26,19
SpringOatPeaIntercrop_2024_NY_181_subplot_1,713698,SpringOatPeaIntercrop_2024_NY_181,BAKER,181,4,,1,,,1,22,0
SpringOatPeaIntercrop_2024_NY_181_subplot_2,713700,SpringOatPeaIntercrop_2024_NY_181,BAKER,181,4,,1,,,2,27,0
SpringOatPeaIntercrop_2024_NY_181_subplot_3,713702,SpringOatPeaIntercrop_2024_NY_181,BAKER,181,4,,1,,,3,30,0
SpringOatPeaIntercrop_2024_NY_182_subplot_1,713515,SpringOatPeaIntercrop_2024_NY_182,BAKER,182,4,,1,,,1,32,11
SpringOatPeaIntercrop_2024_NY_182_subplot_2,713517,SpringOatPeaIntercrop_2024_NY_182,BAKER,182,4,,1,,,2,32,14
SpringOatPeaIntercrop_2024_NY_182_subplot_3,713519,SpringOatPeaIntercrop_2024_NY_182,BAKER,182,4,,1,,,3,29,6
SpringOatPeaIntercrop_2024_NY_183_subplot_1,714490,SpringOatPeaIntercrop_2024_NY_183,HAYDEN,183,4,,1,,,1,30,15
SpringOatPeaIntercrop_2024_NY_183_subplot_2,714492,SpringOatPeaIntercrop_2024_NY_183,HAYDEN,183,4,,1,,,2,31,13
SpringOatPeaIntercrop_2024_NY_183_subplot_3,714494,SpringOatPeaIntercrop_2024_NY_183,HAYDEN,183,4,,1,,,3,30,15
SpringOatPeaIntercrop_2024_NY_184_subplot_1,713990,SpringOatPeaIntercrop_2024_NY_184,HAYDEN,184,4,,1,,,1,28,0
SpringOatPeaIntercrop_2024_NY_184_subplot_2,713992,SpringOatPeaIntercrop_2024_NY_184,HAYDEN,184,4,,1,,,2,28,0
SpringOatPeaIntercrop_2024_NY_184_subplot_3,713994,SpringOatPeaIntercrop_2024_NY_184,HAYDEN,184,4,,1,,,3,21,0
SpringOatPeaIntercrop_2024_NY_185_subplot_1,714038,SpringOatPeaIntercrop_2024_NY_185,IL17-5238,185,4,,1,,,1,27,15
SpringOatPeaIntercrop_2024_NY_185_subplot_2,714039,SpringOatPeaIntercrop_2024_NY_185,IL17-5238,185,4,,1,,,2,31,17
SpringOatPeaIntercrop_2024_NY_185_subplot_3,714040,SpringOatPeaIntercrop_2024_NY_185,IL17-5238,185,4,,1,,,3,29,16
SpringOatPeaIntercrop_2024_NY_186_subplot_1,714390,SpringOatPeaIntercrop_2024_NY_186,IL17-5238,186,4,,1,,,1,24,
SpringOatPeaIntercrop_2024_NY_186_subplot_2,714392,SpringOatPeaIntercrop_2024_NY_186,IL17-5238,186,4,,1,,,2,31,0
SpringOatPeaIntercrop_2024_NY_186_subplot_3,714394,SpringOatPeaIntercrop_2024_NY_186,IL17-5238,186,4,,1,,,3,32,0
SpringOatPeaIntercrop_2024_NY_187_subplot_1,714305,SpringOatPeaIntercrop_2024_NY_187,SD170935,187,4,,1,,,1,30,0
SpringOatPeaIntercrop_2024_NY_187_subplot_2,714307,SpringOatPeaIntercrop_2024_NY_187,SD170935,187,4,,1,,,2,29,0
SpringOatPeaIntercrop_2024_NY_187_subplot_3,714309,SpringOatPeaIntercrop_2024_NY_187,SD170935,187,4,,1,,,3,32,0
SpringOatPeaIntercrop_2024_NY_188_subplot_1,714062,SpringOatPeaIntercrop_2024_NY_188,SD170935,188,4,,1,,,1,34,20
SpringOatPeaIntercrop_2024_NY_188_subplot_2,714063,SpringOatPeaIntercrop_2024_NY_188,SD170935,188,4,,1,,,2,34,19
SpringOatPeaIntercrop_2024_NY_188_subplot_3,714064,SpringOatPeaIntercrop_2024_NY_188,SD170935,188,4,,1,,,3,28,14
SpringOatPeaIntercrop_2024_NY_189_subplot_1,713787,SpringOatPeaIntercrop_2024_NY_189,WI_X10680-3,189,4,,1,,,1,26,11
SpringOatPeaIntercrop_2024_NY_189_subplot_2,713789,SpringOatPeaIntercrop_2024_NY_189,WI_X10680-3,189,4,,1,,,2,31,13
SpringOatPeaIntercrop_2024_NY_189_subplot_3,713791,SpringOatPeaIntercrop_2024_NY_189,WI_X10680-3,189,4,,1,,,3,26,12
SpringOatPeaIntercrop_2024_NY_190_subplot_1,713984,SpringOatPeaIntercrop_2024_NY_190,WI_X10680-3,190,4,,1,,,1,28,0
SpringOatPeaIntercrop_2024_NY_190_subplot_2,713986,SpringOatPeaIntercrop_2024_NY_190,WI_X10680-3,190,4,,1,,,2,28,0
SpringOatPeaIntercrop_2024_NY_190_subplot_3,713988,SpringOatPeaIntercrop_2024_NY_190,WI_X10680-3,190,4,,1,,,3,27,0
SpringOatPeaIntercrop_2024_NY_191_subplot_1,714163,SpringOatPeaIntercrop_2024_NY_191,WI_X10642-3,191,4,,1,,,1,27,0
SpringOatPeaIntercrop_2024_NY_191_subplot_2,714165,SpringOatPeaIntercrop_2024_NY_191,WI_X10642-3,191,4,,1,,,2,30,0
SpringOatPeaIntercrop_2024_NY_191_subplot_3,714167,SpringOatPeaIntercrop_2024_NY_191,WI_X10642-3,191,4,,1,,,3,22,0
SpringOatPeaIntercrop_2024_NY_192_subplot_1,714092,SpringOatPeaIntercrop_2024_NY_192,WI_X10642-3,192,4,,1,,,1,26,15
SpringOatPeaIntercrop_2024_NY_192_subplot_2,714093,SpringOatPeaIntercrop_2024_NY_192,WI_X10642-3,192,4,,1,,,2,32,17
SpringOatPeaIntercrop_2024_NY_192_subplot_3,714094,SpringOatPeaIntercrop_2024_NY_192,WI_X10642-3,192,4,,1,,,3,26,17
SpringOatPeaIntercrop_2024_NY_193_subplot_1,714023,SpringOatPeaIntercrop_2024_NY_193,NATTY,193,4,,1,,,1,28,16
SpringOatPeaIntercrop_2024_NY_193_subplot_2,714024,SpringOatPeaIntercrop_2024_NY_193,NATTY,193,4,,1,,,2,32,20
SpringOatPeaIntercrop_2024_NY_193_subplot_3,714025,SpringOatPeaIntercrop_2024_NY_193,NATTY,193,4,,1,,,3,26,13
SpringOatPeaIntercrop_2024_NY_194_subplot_1,714431,SpringOatPeaIntercrop_2024_NY_194,NATTY,194,4,,1,,,1,25,0
SpringOatPeaIntercrop_2024_NY_194_subplot_2,714433,SpringOatPeaIntercrop_2024_NY_194,NATTY,194,4,,1,,,2,30,0
SpringOatPeaIntercrop_2024_NY_194_subplot_3,714435,SpringOatPeaIntercrop_2024_NY_194,NATTY,194,4,,1,,,3,28,0
SpringOatPeaIntercrop_2024_NY_195_subplot_1,713557,SpringOatPeaIntercrop_2024_NY_195,OGLE,195,4,,1,,,1,32,17
SpringOatPeaIntercrop_2024_NY_195_subplot_2,713559,SpringOatPeaIntercrop_2024_NY_195,OGLE,195,4,,1,,,2,31,17
SpringOatPeaIntercrop_2024_NY_195_subplot_3,713561,SpringOatPeaIntercrop_2024_NY_195,OGLE,195,4,,1,,,3,26,15
SpringOatPeaIntercrop_2024_NY_196_subplot_1,713775,SpringOatPeaIntercrop_2024_NY_196,OGLE,196,4,,1,,,1,27,0
SpringOatPeaIntercrop_2024_NY_196_subplot_2,713777,SpringOatPeaIntercrop_2024_NY_196,OGLE,196,4,,1,,,2,33,0
SpringOatPeaIntercrop_2024_NY_196_subplot_3,713779,SpringOatPeaIntercrop_2024_NY_196,OGLE,196,4,,1,,,3,28,0
SpringOatPeaIntercrop_2024_NY_197_subplot_1,713859,SpringOatPeaIntercrop_2024_NY_197,HORSEPOWER,197,4,,1,,,1,33,0
SpringOatPeaIntercrop_2024_NY_197_subplot_2,713861,SpringOatPeaIntercrop_2024_NY_197,HORSEPOWER,197,4,,1,,,2,33,0
SpringOatPeaIntercrop_2024_NY_197_subplot_3,713863,SpringOatPeaIntercrop_2024_NY_197,HORSEPOWER,197,4,,1,,,3,31,0
SpringOatPeaIntercrop_2024_NY_198_subplot_1,713520,SpringOatPeaIntercrop_2024_NY_198,HORSEPOWER,198,4,,1,,,1,30,8
SpringOatPeaIntercrop_2024_NY_198_subplot_2,713522,SpringOatPeaIntercrop_2024_NY_198,HORSEPOWER,198,4,,1,,,2,38,17
SpringOatPeaIntercrop_2024_NY_198_subplot_3,713524,SpringOatPeaIntercrop_2024_NY_198,HORSEPOWER,198,4,,1,,,3,31,13
SpringOatPeaIntercrop_2024_NY_199_subplot_1,714335,SpringOatPeaIntercrop_2024_NY_199,CORRAL,199,4,,1,,,1,31,14
SpringOatPeaIntercrop_2024_NY_199_subplot_2,714337,SpringOatPeaIntercrop_2024_NY_199,CORRAL,199,4,,1,,,2,32,17
SpringOatPeaIntercrop_2024_NY_199_subplot_3,714339,SpringOatPeaIntercrop_2024_NY_199,CORRAL,199,4,,1,,,3,24,9
SpringOatPeaIntercrop_2024_NY_200_subplot_1,714229,SpringOatPeaIntercrop_2024_NY_200,CORRAL,200,4,,1,,,1,30,0
SpringOatPeaIntercrop_2024_NY_200_subplot_2,714231,SpringOatPeaIntercrop_2024_NY_200,CORRAL,200,4,,1,,,2,31,0
SpringOatPeaIntercrop_2024_NY_200_subplot_3,714233,SpringOatPeaIntercrop_2024_NY_200,CORRAL,200,4,,1,,,3,24,0